Column,Value
StreetName,BRIDGES STREET
StreetName,GRAHAM STREET
StreetName,SHING WONG STREET
StreetName,PRINCE'S TERRACE
StreetName,WESTERN STREET
StreetName,ROBINSON ROAD
StreetName,POK FU LAM ROAD
StreetName,SANDS STREET
StreetName,HIGH STREET
StreetName,THIRD STREET
StreetName,WATER STREET
StreetName,HOSPITAL ROAD
StreetName,KUI IN FONG
StreetName,OLD BAILEY STREET
StreetName,MOUNT KELLETT ROAD
StreetName,PEAK ROAD
StreetName,CASTLE ROAD
StreetName,BELCHER'S STREET
StreetName,QUEEN'S ROAD WEST
StreetName,KOTEWALL ROAD
StreetName,MACDONNELL ROAD
StreetName,MOSQUE STREET
StreetName,SMITHFIELD
StreetName,RUMSEY STREET
StreetName,COTTON TREE DRIVE
StreetName,BONHAM STRAND WEST
StreetName,DES VOEUX ROAD CENTRAL
StreetName,CADOGAN STREET
StreetName,BONHAM ROAD
StreetName,BARKER ROAD
StreetName,JUSTICE DRIVE
StreetName,CHING LIN TERRACE
StreetName,EDINBURGH PLACE
StreetName,TO LI TERRACE
StreetName,LI YUEN STREET WEST
StreetName,DES VOEUX ROAD WEST
StreetName,CONDUIT ROAD
StreetName,LYTTELTON ROAD
StreetName,HOLLYWOOD ROAD
StreetName,STAUNTON STREET
StreetName,MAGAZINE GAP ROAD
StreetName,PLUNKETT'S ROAD
StreetName,OLD PEAK ROAD
StreetName,CAINE ROAD
StreetName,PLANTATION ROAD
StreetName,MOUNT AUSTIN ROAD
StreetName,CONNAUGHT ROAD WEST
StreetName,WELLINGTON STREET
StreetName,KENNEDY ROAD
StreetName,GAGE STREET
StreetName,WING LEE STREET
StreetName,GOUGH HILL ROAD
StreetName,LLOYD PATH
StreetName,CONNAUGHT PLACE
StreetName,BORRETT ROAD
StreetName,POKFIELD ROAD
StreetName,LUGARD ROAD
StreetName,PO SHAN ROAD
StreetName,SEYMOUR ROAD
StreetName,VICTORIA ROAD
StreetName,EASTERN STREET
StreetName,GOUGH HILL PATH
StreetName,"NEW PRAYA, KENNEDY TOWN"
StreetName,TIM MEI AVENUE
StreetName,NORTH STREET
StreetName,HAU WO STREET
StreetName,SEYMOUR TERRACE
StreetName,LYNDHURST TERRACE
StreetName,MAN FAI STREET
StreetName,BREWIN PATH
StreetName,FORBES STREET
StreetName,BONHAM STRAND
StreetName,CONNAUGHT ROAD CENTRAL
StreetName,WING LOK STREET
StreetName,MOSQUE JUNCTION
StreetName,SQUARE STREET
StreetName,GARDEN ROAD
StreetName,MOUNT DAVIS ROAD
StreetName,CATCHICK STREET
StreetName,LI PO LUNG PATH
StreetName,UPPER ALBERT ROAD
StreetName,TUNG TAK LANE
StreetName,QUEEN'S ROAD CENTRAL
StreetName,BLUFF PATH
StreetName,GILMAN STREET
StreetName,GOUGH STREET
StreetName,QUEENSWAY
StreetName,SHELLEY STREET
StreetName,PARK ROAD
StreetName,REDNAXELA TERRACE
StreetName,ROCK HILL STREET
StreetName,SEVERN ROAD
StreetName,PIER ROAD
StreetName,KAU U FONG
StreetName,LUNG WAH STREET
StreetName,DAVIS STREET
StreetName,ICE HOUSE STREET
StreetName,CHUNG KONG ROAD
StreetName,HARCOURT ROAD
StreetName,LEGISLATIVE COUNCIL ROAD
StreetName,TIM WA AVENUE
StreetName,PO TUCK STREET
StreetName,THEATRE LANE
StreetName,MAY ROAD
StreetName,D'AGUILAR STREET
StreetName,ABERDEEN STREET
StreetName,STANLEY STREET
StreetName,YU LOK LANE
StreetName,SAI YUEN LANE
StreetName,HATTON ROAD
StreetName,FUNG MAT ROAD
StreetName,LOWER ALBERT ROAD
StreetName,NEW MARKET STREET
StreetName,PEEL RISE
StreetName,KWAI HEUNG STREET
StreetName,POLLOCK'S PATH
StreetName,GUILDFORD ROAD
StreetName,MOUNT DAVIS PATH
StreetName,WESTERN FIRE SERVICES STREET
StreetName,CHUNG CHING STREET
StreetName,TAI PING SHAN STREET
StreetName,WYNDHAM STREET
StreetName,BABINGTON PATH
StreetName,SHING SAI ROAD
StreetName,SUPREME COURT ROAD
StreetName,HILL ROAD
StreetName,JACKSON ROAD
StreetName,JERVOIS STREET
StreetName,PROSPECT PLACE
StreetName,WHITTY STREET
StreetName,PEEL STREET
StreetName,"PRAYA, KENNEDY TOWN"
StreetName,MUI FONG STREET
StreetName,MURRAY ROAD
StreetName,POSSESSION STREET
StreetName,POUND LANE
StreetName,WING KUT STREET
StreetName,ELGIN STREET
StreetName,COCHRANE STREET
StreetName,HING HON ROAD
StreetName,LAI ON LANE
StreetName,LEUNG I FONG
StreetName,TAI PAK TERRACE
StreetName,ON NING LANE
StreetName,TSUN WING LANE
StreetName,WING WAH LANE
StreetName,WO ON LANE
StreetName,CIRCULAR PATHWAY
StreetName,CLEVERLY STREET
StreetName,CENTRE STREET
StreetName,CHIU KWONG STREET
StreetName,CLARENCE TERRACE
StreetName,ON LAN STREET
StreetName,FIRST STREET
StreetName,SIU CHEUNG FONG
StreetName,HOLLAND STREET
StreetName,NEW PRAYA KENNEDY TOWN
StreetName,TUNG STREET
StreetName,UPPER LASCAR ROW
StreetName,PRAYA KENNEDY TOWN
StreetName,CHATER ROAD
StreetName,SECOND STREET
StreetName,DUDDELL STREET
StreetName,WA NING LANE
StreetName,WILMER STREET
StreetName,ST. STEPHEN'S LANE
StreetName,JUBILEE STREET
StreetName,MEE LUN STREET
StreetName,MERCER STREET
StreetName,ON WO LANE
StreetName,YAT FU LANE
StreetName,CHIU LUNG STREET
StreetName,YING FAI TERRACE
StreetName,KO SHING STREET
StreetName,LAN KWAI FONG
StreetName,NEW STREET
StreetName,SHIN HING STREET
StreetName,BOWEN ROAD
StreetName,CALDER PATH
StreetName,RUTTER STREET
StreetName,SAI STREET
StreetName,HILLIER STREET
StreetName,TAI ON TERRACE
StreetName,PO HING FONG
StreetName,TIT HONG LANE
StreetName,WA IN FONG EAST
StreetName,WA IN FONG WEST
StreetName,POTTINGER STREET
StreetName,WATFORD ROAD
StreetName,SAI WOO LANE
StreetName,UPPER STATION STREET
StreetName,CHICO TERRACE
StreetName,GILMAN'S BAZAAR
StreetName,PO YAN STREET
StreetName,WING WO STREET
StreetName,EASTERN STREET NORTH
StreetName,FINANCE STREET
StreetName,ARBUTHNOT ROAD
StreetName,HOMESTEAD ROAD
StreetName,PEDDER STREET
StreetName,MANSFIELD ROAD
StreetName,MAN YEE LANE
StreetName,QUEEN VICTORIA STREET
StreetName,LI YUEN STREET EAST
StreetName,YING WA TERRACE
StreetName,CHEUNG KAN LANE
StreetName,CASTLE LANE
StreetName,GARDEN TERRACE
StreetName,HORNSEY ROAD
StreetName,LEUNG FAI TERRACE
StreetName,LOK KU ROAD
StreetName,BURD STREET
StreetName,FUK SAU LANE
StreetName,OAKLANDS PATH
StreetName,HEE WONG TERRACE
StreetName,TSZ MI ALLEY
StreetName,SOUTH LANE
StreetName,PING ON LANE
StreetName,QUEEN STREET
StreetName,LOWER LASCAR ROW
StreetName,CHANCERY LANE
StreetName,STAVELEY STREET
StreetName,TANK LANE
StreetName,TUNG LOI LANE
StreetName,TREGUNTER PATH
StreetName,KA WAI MAN ROAD
StreetName,SAI NING STREET
StreetName,KUI YAN LANE
StreetName,SUTHERLAND STREET
StreetName,SASSOON ROAD
StreetName,WOO HOP STREET
StreetName,WA LANE
StreetName,GLENEALY
StreetName,CHUNG WO LANE
StreetName,ON HING TERRACE
StreetName,SHEUNG FUNG LANE
StreetName,MORRISON STREET
StreetName,SUNG HING LANE
StreetName,SAI CHEUNG STREET
StreetName,SAM TO LANE
StreetName,KOM U STREET
StreetName,TAK SING LANE
StreetName,HING LUNG STREET
StreetName,U LAM TERRACE
StreetName,PAK TSZ LANE
StreetName,DAVID LANE
StreetName,KWAN YICK STREET
StreetName,WOODLANDS TERRACE
StreetName,ON TAI STREET
StreetName,SAI ON LANE
StreetName,HARBOUR VIEW STREET
StreetName,LADDER STREET TERRACE
StreetName,CORONATION TERRACE
StreetName,CLOVELLY PATH
StreetName,TRAMWAY PATH
StreetName,HONITON ROAD
StreetName,ALBANY ROAD
StreetName,FAT HING STREET
StreetName,BREEZY PATH
StreetName,WA ON LANE
StreetName,SAI CHEUNG STREET NORTH
StreetName,MAN KWONG STREET
StreetName,WO FUNG STREET
StreetName,CAINE LANE
StreetName,HEUNG HING LANE
StreetName,DOUGLAS STREET
StreetName,BATTERY PATH
StreetName,CHATHAM PATH
StreetName,ROSMEAD ROAD
StreetName,UNIVERSITY DRIVE
StreetName,KING'S ROAD
StreetName,HONG ON STREET
StreetName,HONG SHING STREET
StreetName,JAVA ROAD
StreetName,CLOUD VIEW ROAD
StreetName,HOI HONG STREET
StreetName,MING YUEN WESTERN STREET
StreetName,CHAI WAN ROAD
StreetName,HEALTHY STREET EAST
StreetName,CHUN YEUNG STREET
StreetName,FINNIE STREET
StreetName,TSAT TSZ MUI ROAD
StreetName,TIN HAU TEMPLE ROAD
StreetName,OI SHUN ROAD
StreetName,SUN SING STREET
StreetName,HOI KWONG STREET
StreetName,HONG PING STREET
StreetName,BASEL ROAD
StreetName,ELECTRIC ROAD
StreetName,TAIKOO SHING ROAD
StreetName,HOLY CROSS PATH
StreetName,A KUNG NGAM VILLAGE ROAD
StreetName,FU YEE ROAD
StreetName,HOI TAI STREET
StreetName,QUARRY BAY STREET
StreetName,LEI KING ROAD
StreetName,WAI TSUI CRESCENT
StreetName,SHAU KEI WAN ROAD
StreetName,SUI MAN ROAD
StreetName,COMFORT TERRACE
StreetName,FORT STREET
StreetName,TSUI WAN STREET
StreetName,CHEUNG LEE STREET
StreetName,SHING TAI ROAD
StreetName,YIU HING ROAD
StreetName,WAI HANG STREET
StreetName,MANSION STREET
StreetName,WESTLANDS ROAD
StreetName,LIN SHING ROAD
StreetName,SAI WAN HO STREET
StreetName,OI LAI STREET
StreetName,MOUNT PARKER ROAD
StreetName,TAI MAN STREET
StreetName,PAK FUK ROAD
StreetName,SHAU KEI WAN MAIN STREET EAST
StreetName,SAN HA STREET
StreetName,TAI ON STREET
StreetName,FORTRESS HILL ROAD
StreetName,A KUNG NGAM ROAD
StreetName,TAI CHEONG STREET
StreetName,SUN YIP STREET
StreetName,LOK MAN ROAD
StreetName,WHARF ROAD
StreetName,HONG YUE STREET
StreetName,SHING HONG LANE
StreetName,SIU SAI WAN ROAD
StreetName,SHEUNG MAU STREET
StreetName,TSUI KING STREET
StreetName,YUET YUEN STREET
StreetName,CITY GARDEN ROAD
StreetName,WAH HA STREET
StreetName,SHEUNG ON STREET
StreetName,SHU KUK STREET
StreetName,OI TAK STREET
StreetName,TAM KUNG TEMPLE ROAD
StreetName,MERLIN STREET
StreetName,TAI TAM ROAD
StreetName,KAM WA STREET
StreetName,SHING ON STREET
StreetName,OIL STREET
StreetName,BRAEMAR HILL ROAD
StreetName,HIU TSUI STREET
StreetName,WING TAI ROAD
StreetName,HONG PAK PATH
StreetName,MAN HONG STREET
StreetName,HOI CHAK STREET
StreetName,KAM PING STREET
StreetName,WAN TSUI ROAD
StreetName,PAN HOI STREET
StreetName,CAPE COLLINSON ROAD
StreetName,YEE SHING STREET
StreetName,CHONG FU ROAD
StreetName,CHEUNG MAN ROAD
StreetName,MARBLE ROAD
StreetName,FOOK YUM ROAD
StreetName,KA YIP STREET
StreetName,SHEK O ROAD
StreetName,HOI SHIN LANE
StreetName,HAU YUEN PATH
StreetName,TAI HONG STREET
StreetName,KUT SHING STREET
StreetName,YEE SHUN STREET
StreetName,TUNG HEI ROAD
StreetName,HONG MAN STREET
StreetName,NORTH POINT ESTATE LANE
StreetName,FU HONG STREET
StreetName,TAI LOK STREET
StreetName,CHEUNG HONG STREET
StreetName,TIN CHIU STREET
StreetName,SAI WAN TERRACE
StreetName,TAI WING AVENUE
StreetName,TAIKOO WAN ROAD
StreetName,TAI FUNG AVENUE
StreetName,YAU MAN STREET
StreetName,HONG CHEUNG STREET
StreetName,NORTH POINT ROAD
StreetName,HEALTHY STREET WEST
StreetName,NORTH VIEW STREET
StreetName,PEACOCK ROAD
StreetName,TANNER ROAD
StreetName,HOI WAN STREET
StreetName,FACTORY STREET
StreetName,ALDRICH STREET
StreetName,WATSON ROAD
StreetName,KIN WAH STREET
StreetName,BRAEMAR TERRACE
StreetName,BOAT STREET
StreetName,KAI YUEN STREET
StreetName,KAM HONG STREET
StreetName,MONG LUNG STREET
StreetName,WANG WA STREET
StreetName,NAM ON STREET
StreetName,NGOI MAN STREET
StreetName,FUNG YIP STREET
StreetName,LEE CHUNG STREET
StreetName,ON YIP STREET
StreetName,CHING WAH STREET
StreetName,SHIPYARD LANE
StreetName,GREIG ROAD
StreetName,TAI FOO STREET
StreetName,TAI SHEK STREET
StreetName,HING MAN STREET
StreetName,HOI CHING STREET
StreetName,KAI YUEN TERRACE
StreetName,YAN TSUI STREET
StreetName,OI YIN STREET
StreetName,NAM HONG STREET
StreetName,HEALTHY STREET CENTRAL
StreetName,TO WAN LANE
StreetName,NING FOO STREET
StreetName,GREIG CRESCENT
StreetName,TONG CHONG STREET
StreetName,TAI TAK STREET
StreetName,TIN CHONG STREET
StreetName,PO MAN STREET
StreetName,TONG SHUI ROAD
StreetName,TAI NING STREET
StreetName,MIU TUNG STREET
StreetName,HOI NING STREET
StreetName,KING WAH ROAD
StreetName,FU TSUI STREET
StreetName,TAI YUE AVENUE
StreetName,FUK YUEN STREET
StreetName,FEI TSUI ROAD
StreetName,HOI AN STREET
StreetName,KORNHILL ROAD
StreetName,NORTH POINT TERRACE
StreetName,HOI LEE STREET
StreetName,HARMONY ROAD
StreetName,WING HING STREET
StreetName,FUNG HA ROAD
StreetName,WANG ON ROAD
StreetName,HEI WO STREET
StreetName,YEE FUNG STREET
StreetName,TAI MOU AVENUE
StreetName,SUN ON STREET
StreetName,HOI FOO STREET
StreetName,A KUNG NGAM VILLAGE LANE
StreetName,WING PING STREET
StreetName,ALDRICH BAY ROAD
StreetName,TUNG WONG ROAD
StreetName,PENG CHAU WING HING STREET
StreetName,TAI O TAI PING STREET
StreetName,SHING KA ROAD
StreetName,CHEUNG TUNG ROAD
StreetName,PENG CHAU WING ON STREET
StreetName,CHI YAN LANE
StreetName,PAK SHE FIRST LANE
StreetName,FA PENG ROAD
StreetName,SOK KWU WAN FIRST STREET
StreetName,BIJOU DRIVE
StreetName,TUNG CHUNG WATERFRONT ROAD
StreetName,WING LUNG STREET
StreetName,TAI O MARKET STREET
StreetName,WAI TSAI SECOND STREET
StreetName,SAI WAN ROAD
StreetName,WING TSUN STREET
StreetName,CATERING ROAD WEST
StreetName,TAI LANE
StreetName,WAI TSAI THIRD STREET
StreetName,TUNG WAN TAU ROAD
StreetName,NORTH PERIMETER ROAD
StreetName,TSAN TUEN ROAD
StreetName,WO SHUN LANE
StreetName,CHUN PING ROAD
StreetName,TAI SAN PRAYA ROAD
StreetName,MUI WO RURAL COMMITTEE ROAD
StreetName,CAPERIDGE DRIVE
StreetName,CHEONG LIN ROAD
StreetName,MUI WO FERRY PIER ROAD
StreetName,NAM SHAN ROAD
StreetName,CHI YAN FIRST LANE
StreetName,WAI TSAI FIRST STREET
StreetName,SHEK TSAI PO STREET
StreetName,PAK SHE BACK STREET
StreetName,MA PO PING ROAD
StreetName,PO PENG STREET
StreetName,CHEUNG FU STREET
StreetName,SAN HING STREET
StreetName,MUI WO CHUNG HAU STREET
StreetName,CHEUNG SHEK ROAD
StreetName,CHUN WAN ROAD NORTH
StreetName,CHEUNG CHAU PEAK ROAD
StreetName,DON BOSCO ROAD
StreetName,HING LUNG MAIN STREET
StreetName,SOUTH PERIMETER ROAD
StreetName,HO LEE STREET
StreetName,PING CHONG ROAD
StreetName,PAK SHE SECOND LANE
StreetName,TAI SAN STREET
StreetName,HOK LOO LANE
StreetName,CHEONG TAT ROAD
StreetName,CHEUNG CHAU PEAK ROAD WEST
StreetName,YUE KING STREET
StreetName,CATERING ROAD EAST
StreetName,LOK PENG STREET
StreetName,CHI MA WAN ROAD
StreetName,TUNG WAN ROAD
StreetName,SAN HING BACK STREET
StreetName,PAK SHE STREET
StreetName,HILL SIDE ROAD
StreetName,TAI O WING ON STREET
StreetName,VISTA AVENUE
StreetName,FAT LEE STREET
StreetName,PAI CHONG ROAD
StreetName,CHUN WAN ROAD
StreetName,KAT HING BACK STREET
StreetName,TAI HING TAI ROAD
StreetName,CHEUNG PAK ROAD
StreetName,HING TUNG STREET
StreetName,SCENIC ROAD
StreetName,SAN PAK SHE STREET
StreetName,CHUNG HING BACK STREET
StreetName,MAN TUNG ROAD
StreetName,HING LEE STREET
StreetName,HING LUNG BACK STREET
StreetName,PRAYA STREET
StreetName,NGAN KWONG WAN ROAD
StreetName,YUNG SHUE WAN MAIN STREET
StreetName,TAI TSOI YUEN ROAD
StreetName,CHEK LAP KOK SOUTH ROAD
StreetName,CHEUNG CHAU CHURCH ROAD
StreetName,YUNG SHUE WAN BACK STREET
StreetName,SHEK PIK RESERVOIR ROAD
StreetName,PAK SHE THIRD LANE
StreetName,KIU KING STREET
StreetName,TUNG CHUNG ROAD
StreetName,WAI TSAI FOURTH STREET
StreetName,MING FAI ROAD
StreetName,YAU KWONG STREET
StreetName,CHUNG YAT STREET
StreetName,CHUNG HING STREET
StreetName,TING KWAI FONG STREET
StreetName,PAK SHE FOURTH LANE
StreetName,SHUN TUNG ROAD
StreetName,HI SHI ROAD
StreetName,SCHOOL ROAD
StreetName,CHIN STREET
StreetName,CHEONG WING ROAD
StreetName,HAK PAI ROAD
StreetName,CHEUNG CHAU HOSPITAL ROAD
StreetName,CHI MA HANG ROAD
StreetName,KAT HING STREET
StreetName,CHUNG SUM LANE
StreetName,CHEUNG CHAU SAI TAI ROAD
StreetName,CHUN MING ROAD
StreetName,TAI SHEK HAU ROAD
StreetName,CHI YAN STREET
StreetName,PAK SHE FIFTH LANE
StreetName,NGAN WAN ROAD
StreetName,KIN TUNG ROAD
StreetName,CHI YAN ALLEY
StreetName,KIN SAN LANE
StreetName,NAM TAM WAN ROAD
StreetName,CHUNG HING SAN STREET
StreetName,SOUTH LANTAU ROAD
StreetName,CHUN YUE ROAD
StreetName,SUN KI STREET
StreetName,TAI O ROAD
StreetName,NGONG PING ROAD
StreetName,KEUNG SHAN ROAD
StreetName,DISCOVERY BAY ROAD
StreetName,KWUN YAM WAN ROAD
StreetName,SOK KWU WAN SECOND STREET
StreetName,SOK KWU WAN THIRD STREET
StreetName,CHEUNG KWAI ROAD
StreetName,CHEUNG CHAU SPORTS ROAD
StreetName,TAI SAN BACK STREET
StreetName,PUN SHAN ROAD
StreetName,MARINA DRIVE
StreetName,YUNG SHUE WAN PLAZA ROAD
StreetName,CHUNG YAN ROAD
StreetName,HOI SHA PATH
StreetName,TUNG FAI ROAD
StreetName,PAK KOK TSUI ROAD
StreetName,FU KONG SHAN ROAD
StreetName,SHUN NGON ROAD
StreetName,SIENA AVENUE
StreetName,BAYSIDE DRIVE
StreetName,WAI TSAI STREET
StreetName,PENG CHAU HO KING STREET
StreetName,KAU YUK ROAD
StreetName,SHUN WAN ROAD
StreetName,CHEK LAP KOK ROAD
StreetName,SHUN HANG ROAD
StreetName,SHUN LUI ROAD
StreetName,PENG LEI ROAD
StreetName,PENG CHAU WING ON SIDE STREET
StreetName,FUNG FAN PATH
StreetName,FU TUNG STREET
StreetName,SHUN LIN ROAD
StreetName,SAN HING PRAYA STREET
StreetName,SKY PLAZA ROAD
StreetName,MAN SHUN LANE
StreetName,CHUNG MUN ROAD
StreetName,POLICE STATION PATH
StreetName,PLAZA LANE
StreetName,LUNG TIN STREET
StreetName,SKY CITY ROAD EAST
StreetName,YI TUNG ROAD
StreetName,KWO LO WAN ROAD
StreetName,AMALFI DRIVE
StreetName,SERENE AVENUE
StreetName,CHEONG KING ROAD
StreetName,AIRPORT EXPO BOULEVARD
StreetName,NGAN SHEK STREET
StreetName,CHUNG CHEUNG ROAD
StreetName,TAT TUNG ROAD
StreetName,DISCOVERY PEAK ROAD
StreetName,DISCOVERY VALLEY ROAD
StreetName,MEI TUNG STREET
StreetName,HILLSIDE ROAD
StreetName,KWOK MAN ROAD
StreetName,YAU WING STREET
StreetName,SEABIRD LANE
StreetName,SEAHORSE LANE
StreetName,CHUNG HOK ROAD
StreetName,PAK SHE PRAYA ROAD
StreetName,SAI WAN
StreetName,WANG LONG
StreetName,MIDDLE LANE
StreetName,PARKVALE DRIVE
StreetName,SEABEE LANE
StreetName,PARKLAND DRIVE
StreetName,TAI SUN BACK STREET
StreetName,CAPELAND DRIVE
StreetName,PEAK ROAD WEST
StreetName,WING TUNG STREET
StreetName,CAPEVALE DRIVE
StreetName,SOUTH RUNWAY ROAD
StreetName,YAT TUNG STREET
StreetName,CHIANTI DRIVE
StreetName,SAN KAI SHI LANE
StreetName,COSTA AVENUE
StreetName,CHEUNG CHAU ELECTRIC PATH
StreetName,PAK SHE SEVENTH LANE
StreetName,PAK SHE SIXTH LANE
StreetName,WAI TSAI FIFTH STREET
StreetName,CONTROL TOWER ROAD
StreetName,CHEUNG TSUN ROAD
StreetName,HEI TUNG STREET
StreetName,PARKRIDGE CRESCENT
StreetName,CHUNG SHING STREET
StreetName,CHUNG WAI STREET
StreetName,CHEONG SHUN ROAD
StreetName,CHEONG HONG ROAD
StreetName,CHEONG YIP ROAD
StreetName,YING HONG STREET
StreetName,YING TUNG ROAD
StreetName,SHUN FAI ROAD
StreetName,HEADLAND DRIVE
StreetName,CHUI KWAN DRIVE
StreetName,YUK YAT STREET
StreetName,SUFFOLK ROAD
StreetName,BROADCAST DRIVE
StreetName,KAM SHING ROAD
StreetName,OXFORD ROAD
StreetName,LA SALLE ROAD
StreetName,ARGYLE STREET
StreetName,CUMBERLAND ROAD
StreetName,TO KWA WAN ROAD
StreetName,STAFFORD ROAD
StreetName,PRINCE EDWARD ROAD WEST
StreetName,CAMBRIDGE ROAD
StreetName,PAK KUNG STREET
StreetName,SHEUNG SHING STREET
StreetName,BRAGA CIRCUIT
StreetName,MEI KING STREET
StreetName,MA TAU WAI ROAD
StreetName,KOWLOON CITY ROAD
StreetName,FUK LO TSUN ROAD
StreetName,CONCORDE ROAD
StreetName,SHEK KU STREET
StreetName,JUNCTION ROAD
StreetName,WATERLOO ROAD
StreetName,PUI CHING ROAD
StreetName,ALNWICK ROAD
StreetName,COLLEGE ROAD
StreetName,HOK YU LANE
StreetName,PEACE AVENUE
StreetName,PRINCESS MARGARET ROAD
StreetName,KAU PUI LUNG ROAD
StreetName,SELKIRK ROAD
StreetName,YORK ROAD
StreetName,CARPENTER ROAD
StreetName,GILLIES AVENUE SOUTH
StreetName,HO MAN TIN HILL ROAD
StreetName,KAI MING STREET
StreetName,BOUNDARY STREET
StreetName,WUHU STREET
StreetName,WILTSHIRE ROAD
StreetName,KADOORIE AVENUE
StreetName,MA HANG CHUNG ROAD
StreetName,WAI WAN LANE
StreetName,GRAMPIAN ROAD
StreetName,WA SHUN STREET
StreetName,CHATHAM ROAD NORTH
StreetName,HUNG FOOK STREET
StreetName,YUK SHING STREET
StreetName,CHUN TIN STREET
StreetName,SUNG CHI STREET
StreetName,CHUNG HAU STREET
StreetName,CORNWALL STREET
StreetName,SAN SHAN ROAD
StreetName,LOK SHAN ROAD
StreetName,SHEUNG HONG STREET
StreetName,DORSET CRESCENT
StreetName,LINCOLN ROAD
StreetName,TAI WAN ROAD
StreetName,TAK TING STREET
StreetName,CHEUNG YIP STREET
StreetName,SHING TAK STREET
StreetName,TAK KU LING ROAD
StreetName,KENT ROAD
StreetName,SHEUNG HEUNG ROAD
StreetName,DYER AVENUE
StreetName,PAK TAI STREET
StreetName,HO MAN TIN STREET
StreetName,LUNG KONG ROAD
StreetName,WAN HOI STREET
StreetName,NGA TSIN LONG ROAD
StreetName,PERTH STREET
StreetName,NGA TSIN WAI ROAD
StreetName,OI KING STREET
StreetName,SHUNG KING STREET
StreetName,DEVON ROAD
StreetName,SUNG WONG TOI ROAD
StreetName,HAU WONG ROAD
StreetName,STATION LANE
StreetName,FARM ROAD
StreetName,KO SHAN ROAD
StreetName,CHUNG YEE STREET
StreetName,CHESTER ROAD
StreetName,HEREFORD ROAD
StreetName,LO LUNG HANG STREET
StreetName,MAN FUK ROAD
StreetName,PAU CHUNG STREET
StreetName,SHUN FUNG STREET
StreetName,EARL STREET
StreetName,CHEONG HANG LANE
StreetName,TAM KUNG ROAD
StreetName,FAT KWONG STREET
StreetName,MA TAU CHUNG ROAD
StreetName,BAKER STREET
StreetName,TAK FUNG STREET
StreetName,SHEUNG LOK STREET
StreetName,HOK YUEN STREET
StreetName,BAKER COURT
StreetName,LUNG CHEUNG ROAD
StreetName,BULKELEY STREET
StreetName,BAILEY STREET
StreetName,MING ON STREET
StreetName,FORFAR ROAD
StreetName,TSING CHAU STREET
StreetName,INVERNESS ROAD
StreetName,SUNG PING STREET
StreetName,SURREY LANE
StreetName,TIM FUK ROAD
StreetName,FESSENDEN ROAD
StreetName,BEACON HILL ROAD
StreetName,EDE ROAD
StreetName,SOMERSET ROAD
StreetName,DUMBARTON ROAD
StreetName,TIN KWONG ROAD
StreetName,YING CHOI PATH
StreetName,LOMOND ROAD
StreetName,LONG YUET STREET
StreetName,HA HEUNG ROAD
StreetName,CHI KIANG STREET
StreetName,MAN YUE STREET
StreetName,FUK CHEUNG STREET
StreetName,BAPTIST UNIVERSITY ROAD
StreetName,TO FUK ROAD
StreetName,SHUN YUNG STREET
StreetName,FU ON STREET
StreetName,TRUE LIGHT LANE
StreetName,RUTLAND QUADRANT
StreetName,LAGUNA VERDE AVENUE
StreetName,DUNBAR ROAD
StreetName,MA TAU KOK ROAD
StreetName,MUK HUNG STREET
StreetName,WINSLOW STREET
StreetName,SHING YAU STREET
StreetName,VICTORY AVENUE
StreetName,LIBERTY AVENUE
StreetName,SHING FUNG ROAD
StreetName,DURHAM ROAD
StreetName,BELFRAN ROAD
StreetName,MUK ON STREET
StreetName,SHING KAI ROAD
StreetName,MUK TAI STREET
StreetName,KAI FUK ROAD
StreetName,HUNG LAI ROAD
StreetName,MAIDSTONE ROAD
StreetName,LEE KUNG STREET
StreetName,KAI TAK ROAD
StreetName,MUK CHUI STREET
StreetName,HUNG LOK ROAD
StreetName,MAN WAN ROAD
StreetName,SOARES AVENUE
StreetName,TAK ON STREET
StreetName,RHONDDA ROAD
StreetName,DUKE STREET
StreetName,PENTLAND STREET
StreetName,WHAMPOA STREET
StreetName,SHEUNG WO STREET
StreetName,ANHUI STREET
StreetName,HUNG KWONG STREET
StreetName,KIANG HSI STREET
StreetName,FU NING STREET
StreetName,WA FUNG STREET
StreetName,WALKER ROAD
StreetName,HING YAN STREET
StreetName,HING YIN STREET
StreetName,TAK MAN STREET
StreetName,HOK LING STREET
StreetName,HUNG WAN STREET
StreetName,HUNG HOM WAN STREET
StreetName,MAN TAI STREET
StreetName,TSUN FAT STREET
StreetName,WAI KING STREET
StreetName,YIN ON STREET
StreetName,HOK CHEUNG STREET
StreetName,LUK MING STREET
StreetName,LUN CHEUNG STREET
StreetName,LUNG TO STREET
StreetName,MOK CHEONG STREET
StreetName,COOKE STREET
StreetName,SUNG KIT STREET
StreetName,GILLIES AVENUE NORTH
StreetName,MEI KWONG STREET
StreetName,MAN LOK STREET
StreetName,SAN LAU STREET
StreetName,WING YIU STREET
StreetName,CHEUNG NING STREET
StreetName,MING LUN STREET
StreetName,NGAN HON STREET
StreetName,CHUNG SUN STREET
StreetName,FUNG YI STREET
StreetName,SHIM LUEN STREET
StreetName,SZE CHUEN STREET
StreetName,SAN WAI STREET
StreetName,SHEK TONG STREET
StreetName,DOCK STREET
StreetName,EASTBOURNE ROAD
StreetName,ESSEX CRESCENT
StreetName,SOUTH WALL ROAD
StreetName,LION ROCK ROAD
StreetName,SHEK KU LUNG ROAD
StreetName,NAM KOK ROAD
StreetName,SAN MA TAU STREET
StreetName,KWEI CHOW STREET
StreetName,LANCASHIRE ROAD
StreetName,DERBY ROAD
StreetName,MAN SIU STREET
StreetName,TAK HONG STREET
StreetName,VALLEY ROAD
StreetName,GOOD SHEPHERD STREET
StreetName,CHEONG HANG ROAD
StreetName,FUK CHI STREET
StreetName,SAU CHUK YUEN ROAD
StreetName,SUNG ON STREET
StreetName,WARWICK ROAD
StreetName,HO TUNG ROAD
StreetName,SHANSI STREET
StreetName,KING TAK STREET
StreetName,HOP YAT ROAD
StreetName,MALACCA STREET
StreetName,EMMA AVENUE
StreetName,PO LOI STREET
StreetName,YING YEUNG STREET
StreetName,PANG CHING STREET
StreetName,WING KWONG STREET
StreetName,CARMEL VILLAGE STREET
StreetName,SA PO ROAD
StreetName,MARCONI ROAD
StreetName,KIANG SU STREET
StreetName,NORFOLK ROAD
StreetName,RENFREW ROAD
StreetName,MAIDSTONE LANE
StreetName,MORAY ROAD
StreetName,HOK YUEN STREET EAST
StreetName,FLINT ROAD
StreetName,KNIGHT STREET
StreetName,STIRLING ROAD
StreetName,WU KWONG STREET
StreetName,KUN YAM STREET
StreetName,HAU MAN STREET
StreetName,CHATHAM ROAD SOUTH
StreetName,JULIA AVENUE
StreetName,WANG CHIN STREET
StreetName,HUNG LING STREET
StreetName,MARSH STREET
StreetName,EMBANKMENT ROAD
StreetName,HUNG LUEN ROAD
StreetName,MUK NING STREET
StreetName,WAI YIN PATH
StreetName,SHING CHEONG ROAD
StreetName,SHEUNG FOO STREET
StreetName,HAMPSHIRE ROAD
StreetName,MUK LAI STREET
StreetName,SHING FU LANE
StreetName,CHEUNG FAI ROAD
StreetName,HING SHING ROAD
StreetName,LAI KING HILL ROAD
StreetName,WA LAI PATH
StreetName,TAI YUEN STREET
StreetName,WO YI HOP ROAD
StreetName,SAN KWAI STREET
StreetName,SHING YIU STREET
StreetName,CONTAINER PORT ROAD
StreetName,LEI MUK ROAD
StreetName,KWAI SHING CIRCUIT
StreetName,KWAI CHUNG HOSPITAL ROAD
StreetName,LAI CHO ROAD
StreetName,TSING LUK STREET
StreetName,NGONG WAN ROAD
StreetName,KWAI HOP STREET
StreetName,TSING YI ROAD
StreetName,TAM KON SHAN ROAD
StreetName,KWAI FUK ROAD
StreetName,LAI CHI LING ROAD
StreetName,TSING NAM STREET
StreetName,KWAI CHUNG ROAD
StreetName,CHUNG MEI ROAD
StreetName,KUNG YIP STREET
StreetName,CHEUNG WING ROAD
StreetName,WING HAU STREET
StreetName,TAI LOONG STREET
StreetName,KWAI YI ROAD
StreetName,HING FONG ROAD
StreetName,TSING YI HEUNG SZE WUI ROAD
StreetName,TSING YI ROAD WEST
StreetName,WING LAP STREET
StreetName,WA TAI ROAD
StreetName,TAI LIN PAI ROAD
StreetName,CHEUNG TAT ROAD
StreetName,KWAI HEI STREET
StreetName,LEI PUI STREET
StreetName,WAH KING HILL ROAD
StreetName,WING YIP STREET
StreetName,TSING CHIN STREET
StreetName,KWAI WING ROAD
StreetName,SHEUNG KOK STREET
StreetName,WING KIN ROAD
StreetName,ON CHIT STREET
StreetName,TA CHUEN PING STREET
StreetName,CASTLE PEAK ROAD - KWAI CHUNG
StreetName,SHEK PAI STREET
StreetName,KWAI CHEONG ROAD
StreetName,KWAI YUE STREET
StreetName,WAH SING STREET
StreetName,KWAI LUEN ROAD
StreetName,KA HING ROAD
StreetName,KWAI TING ROAD
StreetName,WAI KEK STREET
StreetName,KWAI SAU ROAD
StreetName,KWAI FUNG CRESCENT
StreetName,YIU WING STREET
StreetName,WING FONG ROAD
StreetName,SAI TSO WAN ROAD
StreetName,KWAI LOK STREET
StreetName,SHEK YI ROAD
StreetName,LIM CHO STREET
StreetName,KWOK SHUI ROAD
StreetName,SHEK KIN STREET
StreetName,SHEK YAM ROAD
StreetName,TAI PAK TIN STREET
StreetName,CHUN PIN STREET
StreetName,PRINCESS MARGARET HOSPITAL ROAD
StreetName,KWONG FAI CIRCUIT
StreetName,CONTAINER PORT ROAD SOUTH
StreetName,YIP SHING STREET
StreetName,LIU TO ROAD
StreetName,CHING HONG ROAD
StreetName,TSING KING ROAD
StreetName,TAI CHING CHEUNG ROAD
StreetName,TSING KEUNG STREET
StreetName,TAI WO HAU ROAD
StreetName,KWAI SHUN STREET
StreetName,TSING TIM STREET
StreetName,LAI LEI FA STREET
StreetName,SHING FUK STREET
StreetName,TSING YI HONG WAN ROAD
StreetName,CHEUNG HANG ROAD
StreetName,WING KEI ROAD
StreetName,SHING FONG STREET
StreetName,KO FONG STREET
StreetName,WING SHUN STREET
StreetName,TEXACO ROAD
StreetName,LAM TIN STREET
StreetName,KIN CHUEN STREET
StreetName,KWAI YUE LANE
StreetName,KING CHO ROAD
StreetName,SAI SHAN ROAD
StreetName,KWAI YIP STREET
StreetName,KWAI ON ROAD
StreetName,CASTLE PEAK ROAD
StreetName,KWONG FAI LANE
StreetName,MEI FONG STREET
StreetName,SHUN FONG STREET
StreetName,TAI HA STREET
StreetName,SHEK MAN PATH
StreetName,SHEK PUI STREET
StreetName,SHEK YING PATH
StreetName,WO KWAI LANE
StreetName,KA TING ROAD
StreetName,KWAI HING ROAD
StreetName,FUNG SHUE WO ROAD
StreetName,KWAI TAK STREET
StreetName,PING LAI PATH
StreetName,PO LEI STREET
StreetName,ON CHUK STREET
StreetName,CHEUNG WAN STREET
StreetName,LAI KONG STREET
StreetName,NGA YING CHAU STREET
StreetName,WO TONG TSUI STREET
StreetName,KWAI FOO ROAD
StreetName,KIN HONG STREET
StreetName,CHUNG SHAN TERRACE
StreetName,SHEK LI STREET
StreetName,HING NING ROAD
StreetName,WING CHO STREET
StreetName,PING FU PATH
StreetName,WAH YUEN DRIVE
StreetName,LAI FONG STREET
StreetName,CHE FONG STREET
StreetName,TAK TAI PATH
StreetName,SHING MUN ROAD
StreetName,KING LAI PATH
StreetName,TSING SUM STREET
StreetName,YAN FONG STREET
StreetName,CHEUNG HO STREET
StreetName,TUNG CHI STREET
StreetName,KWAI TAI ROAD
StreetName,KWAI FAT ROAD
StreetName,WING YIN STREET
StreetName,YAU MA HOM ROAD
StreetName,TAT MEI ROAD
StreetName,SHEK TAU STREET
StreetName,KAI HING ROAD
StreetName,WAI YIP STREET
StreetName,SIU YIP STREET
StreetName,HIP WO STREET
StreetName,HONG NING ROAD
StreetName,KWUN TONG ROAD
StreetName,TAI YIP LANE
StreetName,NGAU TAU KOK ROAD
StreetName,HONG LEE ROAD
StreetName,YUET WAH STREET
StreetName,LEE ON LANE
StreetName,SHUI NING STREET
StreetName,SHING YIP STREET
StreetName,LEI YUE MUN ROAD
StreetName,KING YIP STREET
StreetName,HING TIN STREET
StreetName,LEE ON ROAD
StreetName,TSUI PING ROAD
StreetName,SOUTH LAGUNA STREET
StreetName,TAI YIP STREET
StreetName,CHA KWO LING ROAD
StreetName,KO FAI ROAD
StreetName,HIU KWONG STREET
StreetName,HUNG TO ROAD
StreetName,WAN HON STREET
StreetName,PO CHIU ROAD
StreetName,HIU MING STREET
StreetName,KAI TIN ROAD
StreetName,TSEUNG KWAN O ROAD
StreetName,LEI YUE MUN PRAYA ROAD
StreetName,HOW MING STREET
StreetName,YAU TONG ROAD
StreetName,TUNG YUEN STREET
StreetName,KAI YIP ROAD
StreetName,YEE ON STREET
StreetName,ON TIN STREET
StreetName,WO HONG PATH
StreetName,KAI LAI ROAD
StreetName,PING TIN STREET
StreetName,TUNG MING STREET
StreetName,HIU YUK PATH
StreetName,WANG CHIU ROAD
StreetName,TSUN YIP STREET
StreetName,SAU MAU PING ROAD
StreetName,WANG MAU STREET
StreetName,SHEUNG YUET ROAD
StreetName,LAM HING STREET
StreetName,TING FU STREET
StreetName,TING ON STREET
StreetName,SHUNG SHUN STREET
StreetName,SAU MING ROAD
StreetName,KO CHIU ROAD
StreetName,LAGUNA STREET
StreetName,HOI BUN ROAD
StreetName,CHO YUEN STREET
StreetName,CHUN WAH ROAD
StreetName,SZE SHAN STREET
StreetName,CHOI HA ROAD
StreetName,NEW CLEAR WATER BAY ROAD
StreetName,CHOI WING ROAD
StreetName,KAI YAN STREET
StreetName,SAU FUNG STREET
StreetName,KAI LOK STREET
StreetName,KUNG LOK ROAD
StreetName,ON SAU ROAD
StreetName,HANG ON STREET
StreetName,SHUN ON ROAD
StreetName,WANG HOI ROAD
StreetName,WAI LOK STREET
StreetName,KA WING STREET
StreetName,CLEAR WATER BAY ROAD
StreetName,HOI YUEN ROAD
StreetName,PIK WAN ROAD
StreetName,CHOI HEI ROAD
StreetName,KAI SHING STREET
StreetName,SHUN CHI STREET
StreetName,WANG KWONG ROAD
StreetName,REHAB PATH
StreetName,CHOI WAN ROAD
StreetName,WANG TAI ROAD
StreetName,SHUN LEE TSUEN ROAD
StreetName,CHONG YIP STREET
StreetName,FUK TONG ROAD
StreetName,SHEUNG YEE ROAD
StreetName,ON CHUI STREET
StreetName,WANG KEE STREET
StreetName,KO LING ROAD
StreetName,LEI YUE MUN PATH
StreetName,YAU SHUN STREET
StreetName,LAM CHAK STREET
StreetName,HING YIP STREET
StreetName,HING WAH STREET
StreetName,SCENEWAY ROAD
StreetName,YAN YUE WAI
StreetName,SIN FAT ROAD
StreetName,CHOI HING ROAD
StreetName,ON TAK ROAD
StreetName,SHUI WO STREET
StreetName,LUEN ON STREET
StreetName,HORSE SHOE LANE
StreetName,KA LOK STREET
StreetName,WING FOOK STREET
StreetName,MUT WAH STREET
StreetName,SHUNG YAN STREET
StreetName,TIN HEUNG STREET
StreetName,FU YAN STREET
StreetName,EAST LAGUNA STREET
StreetName,TING YIP STREET
StreetName,LAM LEE STREET
StreetName,TING YUE SQUARE
StreetName,PO PUI STREET
StreetName,LIN TAK ROAD
StreetName,ON WAH STREET
StreetName,FAN WA STREET
StreetName,SHUNG YIU STREET
StreetName,PO LAM ROAD
StreetName,WANG YUEN STREET
StreetName,KAI CHEUNG ROAD
StreetName,WANG TUNG STREET
StreetName,TRADEMART DRIVE
StreetName,TAK TIN STREET
StreetName,TSUN YIP LANE
StreetName,SHUNG TAK WAI
StreetName,JORDAN VALLEY NORTH ROAD
StreetName,LAI YIP STREET
StreetName,LAM LOK STREET
StreetName,CHOI SHEK LANE
StreetName,PING SHING LANE
StreetName,KO CHIU PATH
StreetName,SHUN KING STREET
StreetName,WANG KWUN ROAD
StreetName,LAM WAH STREET
StreetName,SHUNG SHAN STREET
StreetName,CHOI SHING LANE
StreetName,YAN YIP STREET
StreetName,CHUNG YING STREET
StreetName,KAT O MAIN STREET
StreetName,SAN FUNG AVENUE
StreetName,CASTLE PEAK ROAD - KWU TUNG
StreetName,SAN SHING AVENUE
StreetName,SAN TSOI STREET
StreetName,SHA TAU KOK ROAD - MA MEI HA
StreetName,YU TAI ROAD
StreetName,JOCKEY CLUB ROAD
StreetName,WO MING LANE
StreetName,SHA TAU KOK ROAD - LUNG YEUK TAU
StreetName,FU HING STREET
StreetName,LING SHAN ROAD
StreetName,PING CHE ROAD
StreetName,LUEN YICK STREET
StreetName,CHE PING STREET
StreetName,O PUI TONG PATH
StreetName,HAI WING ROAD
StreetName,PO WING ROAD
StreetName,SHUN HING STREET
StreetName,TIN PING ROAD
StreetName,KAT WAI PATH
StreetName,YIP WO STREET
StreetName,DAO YANG ROAD
StreetName,CHUK WAN STREET
StreetName,MAN KAM TO ROAD
StreetName,TSUN FU STREET
StreetName,FU TEI AU ROAD
StreetName,CHI FUK CIRCUIT
StreetName,PIK FUNG ROAD
StreetName,MA TSO LUNG ROAD
StreetName,PO PING ROAD
StreetName,SAN HONG STREET
StreetName,ON LOK MUN STREET
StreetName,SAN KAN STREET
StreetName,PAK WO ROAD
StreetName,SAN WAN ROAD
StreetName,PO KIN ROAD
StreetName,YAT MING ROAD
StreetName,WAI HON ROAD
StreetName,LUNG WAN STREET
StreetName,CHI CHEONG ROAD
StreetName,YIP CHEONG STREET
StreetName,ON CHUEN STREET
StreetName,HO SHEUNG HEUNG PAI FUNG ROAD
StreetName,LUNG CHUN ROAD
StreetName,KWU TUNG ROAD
StreetName,SHA TAU KOK ROAD - SHEK CHUNG AU
StreetName,CHOI SHUN STREET
StreetName,KWU TUNG SOUTH ROAD
StreetName,KAM CHUI ROAD
StreetName,LUNG SUM AVENUE
StreetName,ON KUI STREET
StreetName,FUNG NAM ROAD
StreetName,KAM KA STREET
StreetName,KAT CHEUNG CRESCENT
StreetName,MA SIK ROAD
StreetName,HO SHEUNG HEUNG ROAD
StreetName,PO WAN ROAD
StreetName,LUK KENG ROAD
StreetName,WU TIP SHAN ROAD
StreetName,KA FU CLOSE
StreetName,KAM HANG ROAD
StreetName,LAU SHUI HEUNG ROAD
StreetName,NG CHOW SOUTH ROAD
StreetName,SHA TAU KOK ROAD - WO HANG
StreetName,SHUN PING STREET
StreetName,WO HING ROAD
StreetName,CHING SHING ROAD
StreetName,LIN MA HANG ROAD
StreetName,CHOI YUEN ROAD
StreetName,LOK TUNG STREET
StreetName,HANG TAU ROAD
StreetName,KAM TSIN ROAD
StreetName,YIN KONG ROAD
StreetName,KAM TSIN PATH
StreetName,YAN SHING LANE
StreetName,SHUN LUNG STREET
StreetName,FAI MING ROAD
StreetName,FAN LENG LAU ROAD
StreetName,FAN KAM ROAD
StreetName,KAM TSIN SOUTH ROAD
StreetName,PAK SAU ROAD
StreetName,LUNG MA ROAD
StreetName,WO KA LAU ROAD
StreetName,SHA LING ROAD
StreetName,PO KAK TSAI ROAD
StreetName,CHOI FAT STREET
StreetName,PO LAU ROAD
StreetName,LUEN WO ROAD
StreetName,KIU TAU ROAD
StreetName,CASTLE PEAK ROAD - CHAU TAU
StreetName,LOK YIP ROAD
StreetName,MING YIN ROAD
StreetName,SAN KIN STREET
StreetName,SAN LOK STREET
StreetName,WING SHANG STREET
StreetName,LUEN CHEONG STREET
StreetName,LUEN FAT STREET
StreetName,LUEN SHING STREET
StreetName,WO TAI STREET
StreetName,WAH MING ROAD
StreetName,WO LUNG STREET
StreetName,NG CHOW ROAD SOUTH
StreetName,LUEN CHIT STREET
StreetName,SAN CHEUNG STREET
StreetName,LUEN HING STREET
StreetName,SHA TAU KOK ROAD
StreetName,MAN SHANG STREET
StreetName,SAN FAT STREET
StreetName,SAN KUNG STREET
StreetName,CHI KA LANE
StreetName,WO MUN STREET
StreetName,CHI WING CLOSE
StreetName,WO MUK ROAD
StreetName,FANLING STATION ROAD
StreetName,TSIU KENG
StreetName,PING YUEN ROAD
StreetName,CHING HIU ROAD
StreetName,CHOI FAI STREET
StreetName,HONG CHAI STREET
StreetName,SHEK TSAI LENG
StreetName,WO KENG SHAN ROAD
StreetName,KA SIU CLOSE
StreetName,LOK TIN STREET
StreetName,SAN PO STREET
StreetName,YIP FUNG STREET
StreetName,KUI SIK STREET
StreetName,TAI PO ROAD
StreetName,ON FUK STREET
StreetName,CHI MING STREET
StreetName,SAN LAU WANG STREET
StreetName,YUEN TUEN SHAN
StreetName,LOK WO STREET
StreetName,WAI WO STREET
StreetName,PO TUNG ROAD
StreetName,CHUK YEUNG ROAD
StreetName,FUNG SAU ROAD
StreetName,WAN KING PATH
StreetName,TAI MONG TSAI ROAD
StreetName,SAI KUNG YEE KUK STREET
StreetName,YAN YEE ROAD
StreetName,SAI KUNG TAI STREET
StreetName,SAI KUNG MAIN STREET
StreetName,PAK TO AVENUE
StreetName,MAN NIN STREET
StreetName,SILVER STREAM PATH
StreetName,CHUN KWONG STREET
StreetName,NAM SHAN SAN TSUEN ROAD
StreetName,CHE KENG TUK ROAD
StreetName,FEI WAN ROAD
StreetName,SAI KUNG ROAD
StreetName,SAI WANG LANE
StreetName,TAK LUNG BACK STREET
StreetName,SEE CHEUNG STREET
StreetName,WAN LUNG ROAD
StreetName,TAK LUNG FRONT STREET
StreetName,HONG KIN ROAD
StreetName,YAU YUE WAN VILLAGE ROAD
StreetName,HONG TING ROAD
StreetName,SAI KUNG HOI PONG SQUARE
StreetName,JADE LANE
StreetName,SAI KUNG HOI PONG STREET
StreetName,HANG HAU ROAD
StreetName,SILVER STAR PATH
StreetName,CHAN MAN STREET
StreetName,PAK SHEK WO SAN TSUEN ROAD
StreetName,PO NING ROAD
StreetName,LAM SHING ROAD
StreetName,CHUK KOK ROAD
StreetName,RAZOR HILL ROAD
StreetName,CHUN YAT STREET
StreetName,MAN KUK LANE
StreetName,CHUN WANG STREET
StreetName,CHOI MING STREET
StreetName,HANG HAU WING LUNG ROAD
StreetName,WAN HANG ROAD
StreetName,YUK NGA LANE
StreetName,WAN PO ROAD
StreetName,PO LAM ROAD SOUTH
StreetName,PUI SHING ROAD
StreetName,PO HONG ROAD
StreetName,MAU TAI ROAD
StreetName,TONG CHUN STREET
StreetName,PUNG LOI ROAD
StreetName,PIK SHA ROAD
StreetName,LAM HA ROAD
StreetName,SHEUNG NING ROAD
StreetName,KAN HOK LANE
StreetName,KING LING ROAD
StreetName,HAVEN OF HOPE ROAD
StreetName,CHI SHIN STREET
StreetName,TONG MING STREET
StreetName,TO LOK ROAD
StreetName,CHUN CHEONG STREET
StreetName,KA SHUE ROAD
StreetName,LING KWONG STREET
StreetName,TAN CHEUNG ROAD
StreetName,SILVER TERRACE ROAD
StreetName,TONG YIN LANE
StreetName,LOHAS PARK ROAD
StreetName,CHUN YING STREET
StreetName,PUI SHING LANE
StreetName,SILVER CAPE ROAD
StreetName,SAPPHIRE PATH
StreetName,SILVER CREST ROAD
StreetName,KAM SHUE ROAD
StreetName,TSO WO ROAD
StreetName,CHAP FUK ROAD
StreetName,PAK SHING KOK ROAD
StreetName,NAM WAI ROAD
StreetName,KING YIN LANE
StreetName,SILVERSTRAND BEACH ROAD
StreetName,SILVER LAKE ROAD
StreetName,HOK LAM LANE
StreetName,ANDERSON ROAD
StreetName,MUK MIN SHAN ROAD
StreetName,FUK MAN ROAD
StreetName,HONG TSUEN ROAD
StreetName,KING MAN STREET
StreetName,TSUI LAM ROAD
StreetName,TONG TAK STREET
StreetName,SHA KOK MEI ROAD
StreetName,CHUI LING ROAD
StreetName,MANG KUNG WO ROAD
StreetName,SAI KUNG YUEN CHAU STREET
StreetName,CHUN CHOI STREET
StreetName,SHEK KOK ROAD
StreetName,PO LAM ROAD NORTH
StreetName,FEI NGO SHAN ROAD
StreetName,PAK KONG ROAD
StreetName,WA YUNG ROAD
StreetName,MANG KUNG UK ROAD
StreetName,CHUN SING STREET
StreetName,TONG YIN STREET
StreetName,UNIVERSITY ROAD
StreetName,HIRAM'S HIGHWAY
StreetName,TAN SHAN ROAD
StreetName,FEI HA ROAD
StreetName,WAI MAN ROAD
StreetName,LUNG HA WAN ROAD
StreetName,ON HEI STREET
StreetName,O KING ROAD
StreetName,PO YAP ROAD
StreetName,HA YEUNG SAN TSUEN ROAD
StreetName,CHUI LING LANE
StreetName,YI CHUN STREET
StreetName,SHA TSUI PATH
StreetName,WANG STREET
StreetName,MAU YIP ROAD
StreetName,PO LAM LANE
StreetName,CHUI TONG ROAD
StreetName,CHUNG WA ROAD
StreetName,NGAN O ROAD
StreetName,TAI AU MUN ROAD
StreetName,YAN KING ROAD
StreetName,KAI KING ROAD
StreetName,PO SHUN ROAD
StreetName,PO NING LANE
StreetName,WA FUN STREET
StreetName,PO LO CHE ROAD
StreetName,CHIU SHUN ROAD
StreetName,SAI KUNG MAN YEE ROAD
StreetName,MEI YUEN STREET
StreetName,PAK SHA WAN STREET
StreetName,NAM PIN WAI ROAD
StreetName,SERENITY PATH
StreetName,KAP PIN LONG MIDDLE LANE
StreetName,TIN SHEK ROAD
StreetName,ON YU ROAD
StreetName,BUTTERFLY VALLEY ROAD
StreetName,CALDECOTT ROAD
StreetName,LAI CHI KOK ROAD
StreetName,YEE KUK STREET
StreetName,FUK WING STREET
StreetName,KIM SHIN LANE
StreetName,TAT CHEE AVENUE
StreetName,MEI LAI ROAD
StreetName,FAT TSEUNG STREET
StreetName,YEN CHOW STREET
StreetName,BROADWAY
StreetName,CHEUNG FAT STREET
StreetName,NAM CHEONG STREET
StreetName,YU CHAU STREET
StreetName,CHEUNG SHA WAN ROAD
StreetName,FUK WA STREET
StreetName,SHUN NING ROAD
StreetName,UN CHAU STREET
StreetName,APLIU STREET
StreetName,LAI WAN ROAD
StreetName,WING MING STREET
StreetName,TONKIN STREET
StreetName,KWONG LEE ROAD
StreetName,TAI NAN STREET
StreetName,PEI HO STREET
StreetName,CHEONG SAN LANE
StreetName,TUNG CHAU STREET
StreetName,PAK WAN STREET
StreetName,SAI YEUNG CHOI STREET NORTH
StreetName,TONG YAM STREET
StreetName,HING WAH STREET WEST
StreetName,MAGNOLIA ROAD
StreetName,OSMANTHUS ROAD
StreetName,TO YUEN STREET
StreetName,YING WA STREET
StreetName,CHEUNG SHUN STREET
StreetName,WING HONG STREET
StreetName,SHAM MONG ROAD
StreetName,WAI CHI STREET
StreetName,CAMP STREET
StreetName,VERBENA ROAD
StreetName,LAI HONG STREET
StreetName,HAI TAN STREET
StreetName,TAI HANG TUNG ROAD
StreetName,GRANDEUR ROAD
StreetName,ROSE STREET
StreetName,KOM TSUN STREET
StreetName,BERWICK STREET
StreetName,WOH CHAI STREET
StreetName,SAI CHUEN ROAD
StreetName,WAI WAI ROAD
StreetName,NAM SHAN CHUEN ROAD
StreetName,YIN PING ROAD
StreetName,CASSIA ROAD
StreetName,PO ON ROAD
StreetName,SHAM SHING ROAD
StreetName,PEONY ROAD
StreetName,FA PO STREET
StreetName,KING LAM STREET
StreetName,PAK TIN STREET
StreetName,FORTUNE STREET
StreetName,HANG CHEUNG STREET
StreetName,MARIGOLD ROAD
StreetName,LUNG PING ROAD
StreetName,YEN CHOW STREET WEST
StreetName,KOWLOON ROAD
StreetName,LUNG YAN ROAD
StreetName,TAI NAN WEST STREET
StreetName,FAT TSEUNG STREET WEST
StreetName,TAI HANG SAI STREET
StreetName,PO LUN STREET
StreetName,SHEK KIP MEI STREET
StreetName,LUNG KUI ROAD
StreetName,WONG CHUK STREET
StreetName,LAI YING STREET
StreetName,TONKIN STREET WEST
StreetName,CHEUNG WAH STREET
StreetName,PRATAS STREET
StreetName,KWONG SHING STREET
StreetName,KIU KIANG STREET
StreetName,HUMBERT STREET
StreetName,YU CHAU WEST STREET
StreetName,NASSAU STREET
StreetName,YUET LUN STREET
StreetName,KI LUNG STREET
StreetName,BEGONIA ROAD
StreetName,DIANTHUS ROAD
StreetName,MAPLE STREET
StreetName,KWEILIN STREET
StreetName,POPLAR STREET
StreetName,WISTARIA ROAD
StreetName,KIU YAM STREET
StreetName,MOUNT STERLING MALL
StreetName,TSAP FAI STREET
StreetName,GLEE PATH
StreetName,SAI YEUNG CHOI LANE
StreetName,PARC OASIS ROAD
StreetName,CHAK ON ROAD
StreetName,TSEUK KIU STREET
StreetName,WAI CHI LANE
StreetName,YIU TUNG STREET
StreetName,YEE KUK WEST STREET
StreetName,CHEUNG YUE STREET
StreetName,HOI LAI STREET
StreetName,CHEUNG YEE STREET
StreetName,TUNG CHAU WEST STREET
StreetName,PUI TAK STREET
StreetName,LUNG CHU STREET
StreetName,KWONG CHEUNG STREET
StreetName,TAT HONG AVENUE
StreetName,TO FUNG SHAN ROAD
StreetName,HUNG KIU LANE
StreetName,CHIK SHUN STREET
StreetName,ON YIU STREET
StreetName,SIU LEK YUEN ROAD
StreetName,FUNG SHUN STREET
StreetName,WONG CHUK YEUNG TSUEN PATH
StreetName,NGAU PEI SHA STREET
StreetName,MA LING PATH
StreetName,AU PUI WAN STREET
StreetName,YUEN SHUN CIRCUIT
StreetName,MA ON PATH
StreetName,ON HING LANE
StreetName,SHEUNG WO CHE ROAD
StreetName,CHAP WAI KON STREET
StreetName,SHA TIN HEIGHTS ROAD
StreetName,SHA KOK STREET
StreetName,SHAN MEI STREET
StreetName,SUI WO ROAD
StreetName,SAI SHA ROAD
StreetName,A KUNG KOK SHAN ROAD
StreetName,ON SHING STREET
StreetName,MEI TIN ROAD
StreetName,YUEN WO ROAD
StreetName,HANG TAK STREET
StreetName,YUEN CHAU KOK ROAD
StreetName,CHIK WAN STREET
StreetName,TUNG LO WAN HILL ROAD
StreetName,YI CHING LANE
StreetName,WO HEUNG STREET
StreetName,ON MUK STREET
StreetName,LOK FUNG PATH
StreetName,TAI PO ROAD - TAI WAI
StreetName,TAK WING STREET
StreetName,WO LIU HANG ROAD
StreetName,ON LAI STREET
StreetName,WO SHUI STREET
StreetName,PAI TAU STREET
StreetName,A KUNG KOK STREET
StreetName,LION ROCK TUNNEL ROAD
StreetName,MAN LAI ROAD
StreetName,FU KIN STREET
StreetName,WONG CHUK YEUNG STREET
StreetName,HIN WO LANE
StreetName,HANG LOK LANE
StreetName,LOK LAM ROAD
StreetName,JAT MIN CHUEN STREET
StreetName,TAK HAU STREET
StreetName,ON MUK LANE
StreetName,SCIENCE PARK EAST AVENUE
StreetName,HANG SHUN STREET
StreetName,MEI MUN LANE
StreetName,MA ON SHAN TSUEN ROAD
StreetName,WO CHE STREET
StreetName,LAI PING ROAD
StreetName,KENG HAU ROAD
StreetName,TSING SHA HIGHWAY
StreetName,TAI CHUNG KIU ROAD
StreetName,LEK YUEN STREET
StreetName,CHE KUNG MIU ROAD
StreetName,NGAN SHING STREET
StreetName,FUNG WO LANE
StreetName,SCIENCE PARK WEST AVENUE
StreetName,TAI PO ROAD - SHA TIN
StreetName,ON CHUN STREET
StreetName,LAI WO LANE
StreetName,TAI PO ROAD - SHA TIN HEIGHTS
StreetName,PAK LOK PATH
StreetName,KAU TO SHAN ROAD
StreetName,LOK WO SHA LANE
StreetName,TSUN KING ROAD
StreetName,SHUI CHONG STREET
StreetName,YUNG PING PATH
StreetName,SHING TIN STREET
StreetName,LOK HA SQUARE
StreetName,TIN SAM STREET
StreetName,ON KWAN STREET
StreetName,ON SHAN LANE
StreetName,LOK YUEN PATH
StreetName,YAU ON STREET
StreetName,HANG HONG STREET
StreetName,HANG SHIN LINK
StreetName,KAM YING ROAD
StreetName,HIP YAN STREET
StreetName,MA YEUNG PATH
StreetName,FU TIN LANE
StreetName,LOWER SHING MUN ROAD
StreetName,KAU TO PATH
StreetName,TO SHEK PATH
StreetName,SHING CHUEN ROAD
StreetName,HANG MING STREET
StreetName,TAI WAI NEW VILLAGE ROAD
StreetName,CHUI TIN STREET
StreetName,TAM KON PO STREET
StreetName,LOK KWAI PATH
StreetName,MA ON SHAN ROAD
StreetName,HIN TAI STREET
StreetName,SHUI CHUEN AU STREET
StreetName,KIU HA ROAD
StreetName,HANG CHI STREET
StreetName,SHA ON STREET
StreetName,SHA TIN WAI ROAD
StreetName,HANG TAI ROAD
StreetName,MAN LAM ROAD
StreetName,HIN TIN STREET
StreetName,SHA TIN TAU ROAD
StreetName,LUNG PAK STREET
StreetName,LOK KING STREET
StreetName,TAK PO STREET
StreetName,FUNG SHEK STREET
StreetName,CHIK FUK STREET
StreetName,WU KAI SHA ROAD
StreetName,CHIK CHUEN STREET
StreetName,CHIK FAI STREET
StreetName,HIN KENG STREET
StreetName,YIU SHA ROAD
StreetName,KWEI TEI STREET
StreetName,CHOI SHA STREET
StreetName,KONG PUI STREET
StreetName,HANG KWONG STREET
StreetName,TO SHEK STREET
StreetName,POK CHUEN STREET
StreetName,HANG YIU STREET
StreetName,SHA TIN CENTRE STREET
StreetName,ON PING STREET
StreetName,CHAK CHEUNG STREET
StreetName,MA YING PATH
StreetName,PAK LEE STREET
StreetName,TSUEN NAM ROAD
StreetName,CHIK TAK LANE
StreetName,ON KING STREET
StreetName,TAI WAI ROAD
StreetName,PAK TAK STREET
StreetName,LOK SHING STREET
StreetName,ON SUM STREET
StreetName,PIK TIN STREET
StreetName,HANG KAM STREET
StreetName,ON LUK STREET
StreetName,CHIK FU STREET
StreetName,PAK HOK TING STREET
StreetName,MONTE PATH
StreetName,TAK YI STREET
StreetName,PO TAI STREET
StreetName,NING TAI ROAD
StreetName,YUK TAI STREET
StreetName,CHEUNG SHING STREET
StreetName,KAK TIN STREET
StreetName,SHING WAN ROAD
StreetName,WANG POK STREET
StreetName,TAK KEI STREET
StreetName,SHING HO ROAD
StreetName,CHUI YAN STREET
StreetName,CHIK LUK LANE
StreetName,CHIK SAU LANE
StreetName,CHIK TAI LANE
StreetName,CHUNG LING LANE
StreetName,YAU TING STREET
StreetName,SHA TIN RURAL COMMITTEE ROAD
StreetName,TAK LEE STREET
StreetName,SHA TIN PASS ROAD
StreetName,WO SHING STREET
StreetName,YUEN ON STREET
StreetName,TOLO HIGHWAY
StreetName,HANG SHING STREET
StreetName,PO SHING STREET
StreetName,CHIK CHOI LANE
StreetName,SHA TIN STATION CIRCUIT
StreetName,HANG KIN STREET
StreetName,WO SHEUNG TUN STREET
StreetName,CHONG SAN ROAD
StreetName,MA KAM STREET
StreetName,YUEN HONG STREET
StreetName,MA LOK PATH
StreetName,MEI WO CIRCUIT
StreetName,SHA WAN DRIVE
StreetName,WONG MA KOK ROAD
StreetName,STANLEY MAIN STREET
StreetName,HEADLAND ROAD
StreetName,SHOUSON HILL ROAD WEST
StreetName,SHOUSON HILL ROAD
StreetName,SANDY BAY ROAD
StreetName,SOUTH BAY ROAD
StreetName,TUNG TAU WAN ROAD
StreetName,HORIZON DRIVE
StreetName,REPULSE BAY ROAD
StreetName,SHUM WAN ROAD
StreetName,WONG CHUK HANG ROAD
StreetName,WELFARE ROAD
StreetName,STANLEY MOUND ROAD
StreetName,SHOUSON HILL ROAD EAST
StreetName,CROWN TERRACE
StreetName,NAM LONG SHAN ROAD
StreetName,DEEP WATER BAY ROAD
StreetName,YUE KWONG ROAD
StreetName,STANLEY BEACH ROAD
StreetName,WONG CHUK HANG PATH
StreetName,ABERDEEN MAIN ROAD
StreetName,AP LEI CHAU PRAYA ROAD
StreetName,CAPE ROAD
StreetName,STANLEY VILLAGE ROAD
StreetName,SAI ON STREET
StreetName,HUNG SHING STREET
StreetName,STANLEY NEW STREET
StreetName,BEACH ROAD
StreetName,SHEK O HEADLAND ROAD
StreetName,INFORMATION CRESCENT
StreetName,ABERDEEN RESERVOIR ROAD
StreetName,TSUNG MAN STREET
StreetName,SOUTH BAY CLOSE
StreetName,TAI TAM RESERVOIR ROAD
StreetName,BIG WAVE BAY ROAD
StreetName,LEE LOK STREET
StreetName,POK FU LAM RESERVOIR ROAD
StreetName,AP LEI CHAU BRIDGE ROAD
StreetName,"MAIN STREET, AP LEI CHAU"
StreetName,ISLAND ROAD
StreetName,BISNEY ROAD
StreetName,CHUNG HOM KOK ROAD
StreetName,KA WO STREET
StreetName,BEL-AIR AVENUE
StreetName,CHI FU CLOSE
StreetName,LEI TUNG ESTATE ROAD
StreetName,"OLD MAIN STREET, ABERDEEN"
StreetName,YIP KAN STREET
StreetName,CAPE DRIVE
StreetName,LEE HING STREET
StreetName,CHING SAU LANE
StreetName,SHEK PAI WAN ROAD
StreetName,TUNG TAU WAN LANE
StreetName,KONG SIN WAN ROAD
StreetName,TIN WAN PRAYA ROAD
StreetName,TIN WAN STREET
StreetName,YIP FAT STREET
StreetName,OCEAN PARK ROAD
StreetName,DEEP WATER BAY DRIVE
StreetName,WAH FU ROAD
StreetName,NORTHCOTE CLOSE
StreetName,CARMEL ROAD
StreetName,HEUNG YIP ROAD
StreetName,WATERFALL BAY ROAD
StreetName,STANLEY MARKET ROAD
StreetName,NAM FUNG ROAD
StreetName,SEAVIEW PROMENADE
StreetName,CONSORT RISE
StreetName,SOUTH HORIZON DRIVE
StreetName,BEL-AIR RISE
StreetName,CYBERPORT ROAD
StreetName,LEE NAM ROAD
StreetName,CAPE D'AGUILAR ROAD
StreetName,YI NGA DRIVE
StreetName,TIN WAN HILL ROAD
StreetName,POLICE SCHOOL ROAD
StreetName,PING LAN STREET
StreetName,MAIN ST AP LEI CHAU
StreetName,CHENGTU ROAD
StreetName,LEE CHI ROAD
StreetName,NAM NING STREET
StreetName,SHAN MING STREET
StreetName,YUE ON COURT ROAD
StreetName,CHI FU ROAD
StreetName,WAH LOK PATH
StreetName,BELLEVIEW DRIVE
StreetName,TUNG SING ROAD
StreetName,WAI FUNG STREET
StreetName,SCENIC VILLA DRIVE
StreetName,WU NAM STREET
StreetName,WU PAK STREET
StreetName,HING WO STREET
StreetName,WAH CHEUNG STREET
StreetName,YIP HING STREET
StreetName,YI NAM ROAD
StreetName,TIN WAN NEW STREET
StreetName,ABERDEEN PRAYA ROAD
StreetName,WAH KWAI ROAD
StreetName,YUET HOI STREET
StreetName,YUE WOK STREET
StreetName,YUE FUNG STREET
StreetName,TANG FUNG STREET
StreetName,RED HILL ROAD
StreetName,PAK PAT SHAN ROAD
StreetName,WAH LAM PATH
StreetName,OLD MAIN ST ABERDEEN
StreetName,SAN SHI STREET
StreetName,BEL-AIR PEAK AVENUE
StreetName,YUE KO STREET
StreetName,LEE MAN ROAD
StreetName,NAM FUNG PATH
StreetName,STANLEY LINK ROAD
StreetName,AP LEI CHAU DRIVE
StreetName,LEE WING STREET
StreetName,TIN WAN CLOSE
StreetName,YUE FAI ROAD
StreetName,HOI FUNG PATH
StreetName,BEL-AIR PEAK RISE
StreetName,ON FU ROAD
StreetName,TAI PO TAU ROAD
StreetName,LO FAI ROAD
StreetName,TAI PO TAI WO ROAD
StreetName,HONG LOK YUEN FIFTEENTH STREET
StreetName,DAI SHING STREET
StreetName,PO YICK STREET
StreetName,TAI PO ROAD - TAI PO KAU
StreetName,DAI KWAI STREET
StreetName,DAI FAT STREET
StreetName,HONG LOK YUEN ELEVENTH STREET
StreetName,KWONG FUK ROAD
StreetName,CHUI LOK STREET
StreetName,TAI PO TAU DRIVE
StreetName,TING KOK ROAD
StreetName,DAI FU STREET
StreetName,HONG LOK ROAD WEST
StreetName,TING TAI ROAD
StreetName,PO YICK LANE
StreetName,HEUNG SZE WUI STREET
StreetName,DAI HEI STREET
StreetName,WAN TAU STREET
StreetName,LO PING ROAD
StreetName,TAI WING LANE
StreetName,ON CHEUNG ROAD
StreetName,YIN TSE LANE
StreetName,KWONG FUK SQUARE
StreetName,TAI MING LANE
StreetName,ON PONG ROAD
StreetName,TUNG LEUNG ROAD
StreetName,HONG LOK YUEN EIGHTEENTH STREET
StreetName,YU ON STREET
StreetName,SHEK LIN ROAD
StreetName,PAK SHING STREET
StreetName,HIU WAN ROAD
StreetName,TAI PO ROAD - TAI WO
StreetName,WAI YAN STREET
StreetName,SHUNG TAK STREET
StreetName,FU SHIN STREET
StreetName,HUNG LAM DRIVE
StreetName,WAI YI STREET
StreetName,ON TAI ROAD
StreetName,ON CHEE ROAD
StreetName,HONG LOK YUEN FIFTH STREET
StreetName,ON PO LANE
StreetName,TAP MUN HOI PONG STREET
StreetName,HONG LOK YUEN TWENTIETH STREET
StreetName,TUNG CHEONG STREET
StreetName,TAI MEI TUK ROAD
StreetName,HONG LOK YUEN ROAD
StreetName,PLOVER COVE ROAD
StreetName,KWONG CHUN STREET
StreetName,PO WU LANE
StreetName,DAI KING STREET
StreetName,FUNG YUEN ROAD
StreetName,FO CHUN ROAD
StreetName,CHUI WO LANE
StreetName,TUNG LEUNG LANE
StreetName,NIN MING ROAD
StreetName,CHUEN ON ROAD
StreetName,FU CHUNG LANE
StreetName,KAU HUI CHIK STREET
StreetName,TING LAI ROAD
StreetName,LAM KAM ROAD
StreetName,MA CHUNG ROAD
StreetName,YAU KING LANE
StreetName,DAI CHEONG STREET
StreetName,DAI WAH STREET
StreetName,FO YIN ROAD
StreetName,UNIVERSAL GATE ROAD
StreetName,SHAN TONG ROAD
StreetName,ON PO ROAD
StreetName,SHAN YIN ROAD
StreetName,HONG LOK ROAD EAST
StreetName,LOOKOUT LINK
StreetName,YAT YIU AVENUE
StreetName,PUN CHUN YUEN ROAD
StreetName,SAM MUN TSAI ROAD
StreetName,CHUI YI STREET
StreetName,SHAN NAM ROAD
StreetName,PO NGA ROAD
StreetName,DAI LI STREET
StreetName,NAM WAN ROAD
StreetName,YUNG YI ROAD
StreetName,WAN TAU KOK LANE
StreetName,DAI WANG STREET
StreetName,MUI SHU HANG ROAD
StreetName,NGAU KWU LENG PATH
StreetName,LAM TSUEN HEUNG KUNG SHO ROAD
StreetName,MA WO ROAD
StreetName,HOI YING ROAD
StreetName,CHOI TIP STREET
StreetName,MEI SUN LANE
StreetName,CHUNG NGA ROAD
StreetName,TUNG TSZ SHAN ROAD
StreetName,TSING YUEN STREET
StreetName,HEUNG SZE WUI SQUARE
StreetName,WAN TAU SQUARE
StreetName,NAM SHING STREET
StreetName,YAN HING STREET
StreetName,HEI YUEN STREET
StreetName,HONG LOK YUEN TOWN CENTRE CRESCENT
StreetName,KWONG FUK LANE
StreetName,PO HEUNG STREET
StreetName,SUI ON STREET
StreetName,TAI KWONG LANE
StreetName,YAN WO LANE
StreetName,SAN WA ON LANE
StreetName,TUNG FAT SQUARE
StreetName,TUNG SAU SQUARE
StreetName,TUNG MAU SQUARE
StreetName,DAI SHUN STREET
StreetName,PO HEUNG SQUARE
StreetName,YAT NGA LANE
StreetName,HOI HA ROAD
StreetName,KAM SHAN ROAD
StreetName,MA SHING PATH
StreetName,HONG LOK YUEN TWENTY-SEVENTH STREET
StreetName,HONG LOK YUEN TENTH STREET
StreetName,HONG LOK YUEN FOURTEENTH STREET
StreetName,HONG LOK YUEN THIRD STREET
StreetName,HONG LOK YUEN TWENTY-SIXTH STREET
StreetName,HONG LOK YUEN SEVENTH STREET
StreetName,HONG LOK YUEN TWENTY-FIFTH STREET
StreetName,HONG LOK YUEN TWENTY-EIGHTH STREET
StreetName,HONG LOK YUEN FIRST STREET
StreetName,HONG LOK YUEN NINTH STREET
StreetName,HONG LOK YUEN SEVENTEENTH STREET
StreetName,HONG LOK YUEN NINETEENTH STREET
StreetName,HONG LOK YUEN TWENTY-FIRST STREET
StreetName,HONG LOK YUEN TWENTY-SECOND STREET
StreetName,HONG LOK YUEN TWENTY-THIRD STREET
StreetName,HONG LOK YUEN TWENTY-FOURTH STREET
StreetName,ISLAND HOUSE LANE
StreetName,HONG LOK YUEN SECOND STREET
StreetName,HONG LOK YUEN TWELFTH STREET
StreetName,HONG LOK YUEN SIXTH STREET
StreetName,HONG LOK YUEN SIXTEENTH STREET
StreetName,HONG LOK YUEN EIGHTH STREET
StreetName,HONG LOK YUEN FOURTH STREET
StreetName,CASTLE PEAK ROAD - TING KAU
StreetName,MEI WAN STREET
StreetName,SHA TSUI ROAD
StreetName,TAI HO ROAD
StreetName,HAU TEI SQUARE
StreetName,CASTLE PEAK ROAD - TSUEN WAN
StreetName,LO WAI ROAD
StreetName,CHAI WAN KOK STREET
StreetName,ROUTE TWISK
StreetName,MA WAN MAIN STREET
StreetName,PAK LAI ROAD
StreetName,TAK WAH STREET
StreetName,HO PUI STREET
StreetName,LEI SHU ROAD
StreetName,HOI PA STREET
StreetName,CASTLE PEAK ROAD - TSING LUNG TAU
StreetName,MIU KONG STREET
StreetName,TUNG LAM TERRACE
StreetName,HOI HING ROAD
StreetName,CASTLE PEAK ROAD - SHAM TSENG
StreetName,MA WAN BACK STREET
StreetName,TSUEN KING CIRCUIT
StreetName,SHAM HONG ROAD
StreetName,SHIU WO STREET
StreetName,WAI TSUEN ROAD
StreetName,HOI SHING ROAD
StreetName,SHAM TSZ STREET
StreetName,LO TAK COURT
StreetName,YAU LAI ROAD
StreetName,KAI CHI CLOSE
StreetName,ON YIN STREET
StreetName,HOI ON ROAD
StreetName,YEUNG UK ROAD
StreetName,SAI LAU KOK ROAD
StreetName,PAK YAN ROAD
StreetName,TSUEN FU STREET
StreetName,TSUEN WING STREET
StreetName,SHEK WAI KOK ROAD
StreetName,HAM TIN STREET
StreetName,LUEN YAN STREET
StreetName,YAN CHAI STREET
StreetName,LUNG YUE ROAD
StreetName,FUI YIU KOK STREET
StreetName,WANG LUNG STREET
StreetName,HILLTOP ROAD
StreetName,PO FUNG TERRACE
StreetName,PAK LAM ROAD
StreetName,SHAM FUNG ROAD
StreetName,KWU UK LANE
StreetName,TSUEN WAN MARKET STREET
StreetName,FAT YIP LANE
StreetName,MA WAN RURAL COMMITTEE ROAD
StreetName,YI HONG STREET
StreetName,TAI CHUNG ROAD
StreetName,PAK TIN PAR STREET
StreetName,TSUEN WAH STREET
StreetName,MA KOK STREET
StreetName,HOI KOK STREET
StreetName,CHUNG ON STREET
StreetName,CHUEN LUNG STREET
StreetName,TAI PEI SQUARE
StreetName,FU WAH STREET
StreetName,FU YUNG STREET
StreetName,TSO KUNG SQUARE
StreetName,HEUNG SHING STREET
StreetName,HEUNG WO STREET
StreetName,TSUEN KWAI STREET
StreetName,WO TIK STREET
StreetName,SAN TSUEN STREET
StreetName,YI PEI SQUARE
StreetName,TSO KUNG STREET
StreetName,TSUEN HING PATH
StreetName,CHEONG TAI STREET
StreetName,TAI PA STREET
StreetName,ON WING STREET
StreetName,YI LOK STREET
StreetName,ON YAT STREET
StreetName,TAI UK STREET
StreetName,TSUEN LOK STREET
StreetName,WANG WO TSAI STREET
StreetName,FU UK ROAD
StreetName,YUEN TUN CIRCUIT
StreetName,ON YUK ROAD
StreetName,SAM PEI SQUARE
StreetName,WUN TUNG STREET
StreetName,PUN SHAN STREET
StreetName,KWAN MUN HAU STREET
StreetName,DUNG FAT STREET
StreetName,LUNG TANG ROAD
StreetName,SZE PEI SQUARE
StreetName,HEUNG CHE STREET
StreetName,LAI SHUN ROAD
StreetName,KIN MING STREET
StreetName,LUNG TAK STREET
StreetName,MA TAU PA ROAD
StreetName,TAK HOI STREET
StreetName,FU WING STREET
StreetName,TAI MO SHAN ROAD
StreetName,FONG YUEN ROAD
StreetName,FU YUNG SHAN ROAD
StreetName,HOI LONG PATH
StreetName,KING FUNG PATH
StreetName,LOK TO STREET
StreetName,HONG PO ROAD
StreetName,TIN TEI YAN ROAD
StreetName,TSING CHUNG KOON ROAD
StreetName,KA FUK LANE
StreetName,TUEN FU ROAD
StreetName,FUK HANG TSUEN ROAD
StreetName,SAN FUK ROAD
StreetName,HO HING CIRCUIT
StreetName,LAM TEI MAIN STREET
StreetName,TSING TAI ROAD
StreetName,LUNG YIU STREET
StreetName,SHEK PAI TAU ROAD
StreetName,HO YEUNG STREET
StreetName,HUNG CHEUNG ROAD
StreetName,WU CHUI ROAD
StreetName,TSING YEUNG CIRCUIT
StreetName,TSING CHUEN WAI ROAD
StreetName,TSUN WEN ROAD
StreetName,TSING HA LANE
StreetName,HING ON LANE
StreetName,LOK CHUI STREET
StreetName,HONG FAI ROAD
StreetName,CASTLE PEAK ROAD - TAI LAM
StreetName,WONG YIN STREET
StreetName,CASTLE PEAK ROAD - CASTLE PEAK BAY
StreetName,WU SAU STREET
StreetName,HING WONG STREET
StreetName,LEUNG TAI LANE
StreetName,TSING CHUNG PATH
StreetName,SAN ON STREET
StreetName,KIN FUNG CIRCUIT
StreetName,YIP WONG ROAD
StreetName,YICK YUEN ROAD
StreetName,SIU LAM ROAD
StreetName,KIN FAT STREET
StreetName,TSING MIN PATH
StreetName,TAI LAM CHUNG ROAD
StreetName,YAU OI ROAD
StreetName,SO KWUN WAT ROAD
StreetName,HO PONG STREET
StreetName,LUNG MUN ROAD
StreetName,KA WO LI HILL ROAD
StreetName,TSENG CHOI STREET
StreetName,TSING LUNG ROAD
StreetName,TSING CHUI PATH
StreetName,PUI TO ROAD
StreetName,YEUNG TSING ROAD
StreetName,TSING LUN ROAD
StreetName,WU SHAN ROAD
StreetName,TUEN HING ROAD
StreetName,SAN WO LANE
StreetName,HANG FU STREET
StreetName,WU HONG STREET
StreetName,TSING YUNG STREET
StreetName,CASTLE PEAK ROAD - LINGNAN
StreetName,WU FAI STREET
StreetName,KWUN FAT STREET
StreetName,TIN KING ROAD
StreetName,MING KUM ROAD
StreetName,WAN SHAN ROAD
StreetName,TUEN LUNG STREET
StreetName,TSING FAT STREET
StreetName,TUEN MUN HEUNG SZE WUI ROAD
StreetName,TIN HAU ROAD
StreetName,HOI WAH ROAD
StreetName,TSING SAN PATH
StreetName,YUNG LONG ROAD
StreetName,HO TIN STREET
StreetName,KWUN CHUI ROAD
StreetName,LEE FAT PATH
StreetName,TSING FAT LANE
StreetName,LUNG HONG STREET
StreetName,TUEN LEE STREET
StreetName,TUEN FAT ROAD
StreetName,SAM SHING STREET
StreetName,SIU HING LANE
StreetName,OI MING LANE
StreetName,TSING HOI CIRCUIT
StreetName,WU ON STREET
StreetName,TUEN HOP STREET
StreetName,SAN TSING STREET
StreetName,TUEN KWAI ROAD
StreetName,SHUN TAT STREET
StreetName,HING PING ROAD
StreetName,LEUNG CHOI LANE
StreetName,HOI WONG ROAD
StreetName,WU KING ROAD
StreetName,CASTLE PEAK ROAD - SAN HUI
StreetName,WU CHEONG STREET
StreetName,SIU HONG ROAD
StreetName,TSING WUN ROAD
StreetName,SIU LUN STREET
StreetName,WAH FAT STREET
StreetName,TSING YIN STREET
StreetName,NIM WAN ROAD
StreetName,KIN WING STREET
StreetName,SIU LAM TSUEN ROAD
StreetName,TSING BIK STREET
StreetName,YUK HONG STREET
StreetName,WU YUET STREET
StreetName,FU SHING STREET
StreetName,HOI CHU ROAD
StreetName,HANG KWAI STREET
StreetName,HO WO STREET
StreetName,FU TEI ROAD
StreetName,HO WAN STREET
StreetName,KING SAU LANE
StreetName,TSING YING ROAD
StreetName,TUEN YEE STREET
StreetName,CASTLE PEAK ROAD - LAM TEI
StreetName,HING KWAI STREET
StreetName,TONG HANG ROAD
StreetName,TUEN MUN CHEK LAP KOK TUNNEL ROAD
StreetName,WU POON STREET
StreetName,CHUNG LING PATH
StreetName,LUEN HONG LANE
StreetName,KWUN FUNG STREET
StreetName,TAI HING STREET
StreetName,LAM TEI INTERCHANGE
StreetName,SAN SHEK WAN NORTH ROAD
StreetName,HING FU STREET
StreetName,SIU LANG SHUI ROAD
StreetName,TUEN HI ROAD
StreetName,LEUNG TAK STREET
StreetName,MONG WING STREET
StreetName,YUK TSING LANE
StreetName,LEUNG WAN STREET
StreetName,KING SAN PATH
StreetName,YAN CHING STREET
StreetName,WO PING PATH
StreetName,KAI MAN PATH
StreetName,YAN OI TONG CIRCUIT
StreetName,OI TAK LANE
StreetName,TSING SIN STREET
StreetName,TAI FONG STREET
StreetName,LOK YI STREET
StreetName,KIN WING LANE
StreetName,KEI LUN PATH
StreetName,TAT YAN SQUARE
StreetName,WING FAT LANE
StreetName,HO FUK STREET
StreetName,KEI TSING STREET
StreetName,KA CHOI LANE
StreetName,FUNG ON STREET
StreetName,SAN HOP LANE
StreetName,TSING LING PATH
StreetName,TAK CHING COURT
StreetName,KAI FAT PATH
StreetName,TUEN ON LANE
StreetName,TSING HO SQUARE
StreetName,KWUN TSING ROAD
StreetName,HO SUEN STREET
StreetName,KIN KWAN STREET
StreetName,TSING YAN STREET
StreetName,NG LAU ROAD
StreetName,YU CHUI STREET
StreetName,OI YUNG STREET
StreetName,TSING WUI STREET
StreetName,TSING TO PATH
StreetName,MING NGAI STREET
StreetName,SAN LIK STREET
StreetName,TUEN YAN STREET
StreetName,TUEN SHUN STREET
StreetName,HING CHOI STREET
StreetName,TSING FUK LANE
StreetName,SHEK PAI TAU PATH
StreetName,TUEN SHING STREET
StreetName,TSING PAK PATH
StreetName,KIN WONG STREET
StreetName,SAN PING CIRCUIT
StreetName,KIN TAI STREET
StreetName,KIN FAT LANE
StreetName,OI LAI LANE
StreetName,TSING SHAN SQUARE
StreetName,SAN YICK LANE
StreetName,HOI WING ROAD
StreetName,LUK YUEN STREET
StreetName,YAN PO ROAD
StreetName,CHING LAI ROAD
StreetName,MUN FAT LANE
StreetName,HIN FAT LANE
StreetName,LUNG CHAK ROAD
StreetName,VENTRIS ROAD
StreetName,MOUNT CAMERON ROAD
StreetName,WUN SHA STREET
StreetName,CROSS STREET
StreetName,BLACK'S LINK
StreetName,CANNON STREET
StreetName,GLOUCESTER ROAD
StreetName,MIDDLE GAP ROAD
StreetName,PERKINS ROAD
StreetName,VILLAGE ROAD
StreetName,MORRISON HILL ROAD
StreetName,HARBOUR ROAD
StreetName,FUNG FAI TERRACE
StreetName,CHEONG MING STREET
StreetName,DRAGON TERRACE
StreetName,MOORSOM ROAD
StreetName,HENNESSY ROAD
StreetName,LOCKHART ROAD
StreetName,QUEEN'S ROAD EAST
StreetName,HENDERSON ROAD
StreetName,TAI HANG ROAD
StreetName,JOHNSTON ROAD
StreetName,PURVES ROAD
StreetName,WAN CHAI ROAD
StreetName,OI KWAN ROAD
StreetName,BLUE POOL ROAD
StreetName,LILY STREET
StreetName,TUNG LO WAN ROAD
StreetName,SING WOO ROAD
StreetName,BROOM ROAD
StreetName,WONG NAI CHUNG ROAD
StreetName,MOUNT BUTLER ROAD
StreetName,CAUSEWAY ROAD
StreetName,SHAN KWONG ROAD
StreetName,SAM PAN STREET
StreetName,YUK SAU STREET
StreetName,COOMBE ROAD
StreetName,STUBBS ROAD
StreetName,GREEN LANE
StreetName,THOMSON ROAD
StreetName,EASTERN HOSPITAL ROAD
StreetName,HAPPY VIEW TERRACE
StreetName,TAI HANG DRIVE
StreetName,VICTORIA PARK ROAD
StreetName,KA NING PATH
StreetName,WANG TAK STREET
StreetName,SPRING GARDEN LANE
StreetName,YIK KWAN AVENUE
StreetName,SHIP STREET
StreetName,ELECTRIC STREET
StreetName,PRICE ROAD
StreetName,JAFFE ROAD
StreetName,GRESSON STREET
StreetName,ARSENAL STREET
StreetName,HAWTHORN ROAD
StreetName,RUSSELL STREET
StreetName,WONG NAI CHUNG GAP ROAD
StreetName,SUN WUI ROAD
StreetName,TUNG LO WAN DRIVE
StreetName,HING FAT STREET
StreetName,CHUN FAI ROAD
StreetName,KINGSTON STREET
StreetName,BOWEN DRIVE
StreetName,BOWRINGTON ROAD
StreetName,SHIU FAI TERRACE
StreetName,SHARP STREET EAST
StreetName,TUNG SHAN TERRACE
StreetName,LAU SIN STREET
StreetName,CAROLINE HILL ROAD
StreetName,SWATOW STREET
StreetName,SAU WA FONG
StreetName,LI KWAN AVENUE
StreetName,HOLLY ROAD
StreetName,BROADWOOD ROAD
StreetName,GOLDSMITH ROAD
StreetName,SUN CHUN STREET
StreetName,LEIGHTON ROAD
StreetName,ST. FRANCIS STREET
StreetName,VILLAGE TERRACE
StreetName,WOOD ROAD
StreetName,WANG FUNG TERRACE
StreetName,CANAL ROAD WEST
StreetName,WARREN STREET
StreetName,JARDINE'S BAZAAR
StreetName,JARDINE'S CRESCENT
StreetName,WAN SHING STREET
StreetName,TANG LUNG STREET
StreetName,YAT SIN STREET
StreetName,EXPO DRIVE
StreetName,COOPER ROAD
StreetName,LUN HING STREET
StreetName,LUN FAT STREET
StreetName,TAI WO STREET
StreetName,SUNNING ROAD
StreetName,KWAI FONG STREET
StreetName,TSING FUNG STREET
StreetName,SPORTS ROAD
StreetName,KING MING ROAD
StreetName,YIK YAM STREET
StreetName,JONES STREET
StreetName,SIK ON STREET
StreetName,BOYCE ROAD
StreetName,STAR STREET
StreetName,COTTON PATH
StreetName,JUPITER STREET
StreetName,MOUNT NICHOLSON ROAD
StreetName,MUI HING STREET
StreetName,SCHOOL STREET
StreetName,SHEPHERD STREET
StreetName,PENNINGTON STREET
StreetName,KESWICK STREET
StreetName,MATHESON STREET
StreetName,PATERSON STREET
StreetName,MORETON TERRACE
StreetName,YUEN YUEN STREET
StreetName,CHUN FAI TERRACE
StreetName,PAK SHA ROAD
StreetName,BRIAR AVENUE
StreetName,KING STREET
StreetName,ORMSBY STREET
StreetName,SECOND LANE
StreetName,PERCIVAL STREET
StreetName,GORDON ROAD
StreetName,ON LOK LANE
StreetName,STONE NULLAH LANE
StreetName,KAT ON STREET
StreetName,SHARP STREET WEST
StreetName,LAU LI STREET
StreetName,TRIANGLE STREET
StreetName,WILSON ROAD
StreetName,AMOY STREET
StreetName,BURROWS STREET
StreetName,YIU WA STREET
StreetName,FLEMING ROAD
StreetName,WHITFIELD ROAD
StreetName,MOON STREET
StreetName,O'BRIEN ROAD
StreetName,KENNEDY STREET
StreetName,KING SING STREET
StreetName,TAI WONG STREET EAST
StreetName,TAI WONG STREET WEST
StreetName,MERCURY STREET
StreetName,SHELL STREET
StreetName,YEE WO STREET
StreetName,KING KWONG STREET
StreetName,KWAI SING LANE
StreetName,LINK ROAD
StreetName,MIN FAT STREET
StreetName,CLEVELAND STREET
StreetName,SHING PING STREET
StreetName,HAVEN STREET
StreetName,TSUN YUEN STREET
StreetName,LAI TAK TSUEN ROAD
StreetName,KAI CHIU ROAD
StreetName,LAN FONG ROAD
StreetName,LEE GARDEN ROAD
StreetName,CREASY ROAD
StreetName,ST. FRANCIS YARD
StreetName,TAK YAN STREET
StreetName,WING FUNG STREET
StreetName,LIN FA KUNG STREET EAST
StreetName,TSUI MAN STREET
StreetName,HOI PING ROAD
StreetName,MARSH ROAD
StreetName,SUN STREET
StreetName,STEWART ROAD
StreetName,FUK KWAN AVENUE
StreetName,SHELTER STREET
StreetName,SUGAR STREET
StreetName,HING WAN STREET
StreetName,KWONG MING STREET
StreetName,TIN LOK LANE
StreetName,CROSS LANE
StreetName,LIN FA KUNG STREET WEST
StreetName,LUARD ROAD
StreetName,EAST POINT ROAD
StreetName,FENWICK STREET
StreetName,SING WOO CRESCENT
StreetName,NGAN MOK STREET
StreetName,CANAL ROAD EAST
StreetName,GREAT GEORGE STREET
StreetName,HYSAN AVENUE
StreetName,YUN PING ROAD
StreetName,GLASS STREET
StreetName,TONNOCHY ROAD
StreetName,YACHT STREET
StreetName,TSAP TSEUNG STREET
StreetName,MCGREGOR STREET
StreetName,HEARD STREET
StreetName,LAI YIN LANE
StreetName,MING YAN LANE
StreetName,WAN CHAI GAP ROAD
StreetName,LUNG ON STREET
StreetName,LEIGHTON LANE
StreetName,FOO MING STREET
StreetName,DRAGON ROAD
StreetName,MALLORY STREET
StreetName,HARBOUR DRIVE
StreetName,IRVING STREET
StreetName,ANTON STREET
StreetName,BROWN STREET
StreetName,MOUNT BUTLER DRIVE
StreetName,MONMOUTH TERRACE
StreetName,CHAN TONG LANE
StreetName,BULLOCK LANE
StreetName,LI CHIT STREET
StreetName,HUNG HING ROAD
StreetName,TSOI TAK STREET
StreetName,SALVATION ARMY STREET
StreetName,LANDALE STREET
StreetName,STADIUM PATH
StreetName,FUK HING LANE
StreetName,MOORSOM DRIVE
StreetName,MUK LUN STREET
StreetName,HENG LAM STREET
StreetName,FUNG SHING STREET
StreetName,TSZ WAN SHAN ROAD
StreetName,HAMMER HILL ROAD
StreetName,YUK WAH CRESCENT
StreetName,NGA CHUK STREET
StreetName,CHI LIN DRIVE
StreetName,YING FUNG LANE
StreetName,FU MEI STREET
StreetName,WAN FUNG STREET
StreetName,PRINCE EDWARD ROAD EAST
StreetName,LAM CHUNG AVENUE
StreetName,CHING TAK STREET
StreetName,CHOI FUNG PATH
StreetName,TSEUK LUK STREET
StreetName,FU YUE STREET
StreetName,PO KONG VILLAGE ROAD
StreetName,MA CHAI HANG ROAD
StreetName,FUNG TAK ROAD
StreetName,TUNG TAU TSUEN ROAD
StreetName,PING TING ROAD
StreetName,YUK WAH STREET
StreetName,LUK HOP STREET
StreetName,TUNG LUNG ROAD
StreetName,CHUI CHUK STREET
StreetName,SHATIN PASS ROAD
StreetName,HUNG MUI AVENUE
StreetName,YIN HING STREET
StreetName,CHOI HUNG ROAD
StreetName,TSE WAI AVENUE
StreetName,LUK LAU AVENUE
StreetName,FEI FUNG STREET
StreetName,WING TING ROAD
StreetName,SHEUNG FUNG STREET
StreetName,JAT'S INCLINE
StreetName,LOK SIN ROAD
StreetName,TAI YAU STREET
StreetName,KING FUK STREET
StreetName,WONG TAI SIN ROAD
StreetName,CHUK YUEN ROAD
StreetName,FUNG MO STREET
StreetName,LUNG FUNG STREET
StreetName,WAN WAH STREET
StreetName,PUI MAN STREET
StreetName,LUNG POON STREET
StreetName,PING TING ROAD EAST
StreetName,SHEUNG HEI STREET
StreetName,TSAT PO STREET
StreetName,PAT TAT STREET
StreetName,NGAN FUNG STREET
StreetName,PO TIN LANE
StreetName,PO YING LANE
StreetName,FOO YUEN STREET
StreetName,HONG KEUNG STREET
StreetName,SHUNG WAH STREET
StreetName,KAM FUNG STREET
StreetName,MING FUNG STREET
StreetName,TSING ON STREET
StreetName,TSUI FUNG STREET
StreetName,NG FONG STREET
StreetName,TSZ WAH LANE
StreetName,SHUNG LING STREET
StreetName,CHUN YAN STREET
StreetName,PO KING LANE
StreetName,YAN OI STREET
StreetName,NING YUEN STREET
StreetName,SAM CHUK STREET
StreetName,KAM CHI PATH
StreetName,KING TUNG STREET
StreetName,KWAI CHI PATH
StreetName,LUNG CHI PATH
StreetName,NGAN CHI PATH
StreetName,CHING YEUNG AVENUE
StreetName,WAH CHI PATH
StreetName,WING CHI PATH
StreetName,FU CHI PATH
StreetName,FU MOU STREET
StreetName,FONG WAH LANE
StreetName,WONG KUK AVENUE
StreetName,FUNG LAI ROAD
StreetName,KAM WING STREET
StreetName,TAI SHING STREET
StreetName,WING CHUK STREET
StreetName,FU MEI STREET EAST
StreetName,YAN WAH STREET
StreetName,NGAU CHI WAN STREET
StreetName,PO WAI LANE
StreetName,PO MING LANE
StreetName,PO KONG LANE
StreetName,KOON WAH LANE
StreetName,PO FONG LANE
StreetName,YI LUN STREET
StreetName,FU KEUNG STREET
StreetName,CHOI YEE LANE
StreetName,SZE MEI STREET
StreetName,WANG TAU HOM SOUTH ROAD
StreetName,RECLAMATION STREET
StreetName,CANTON ROAD
StreetName,YUK CHOI ROAD
StreetName,NATHAN ROAD
StreetName,PORTLAND STREET
StreetName,GASCOIGNE ROAD
StreetName,SHANGHAI STREET
StreetName,TEMPLE STREET
StreetName,COX'S ROAD
StreetName,TAI KOK TSUI ROAD
StreetName,SALISBURY ROAD
StreetName,SAI YEE STREET
StreetName,PUBLIC SQUARE STREET
StreetName,SAI YEUNG CHOI STREET SOUTH
StreetName,KING'S PARK RISE
StreetName,SHAMCHUN STREET
StreetName,KWUN CHUNG STREET
StreetName,SYCAMORE STREET
StreetName,TONG MI ROAD
StreetName,HOI FAI ROAD
StreetName,CARNARVON ROAD
StreetName,MODY ROAD
StreetName,KAM LAM STREET
StreetName,PARKES STREET
StreetName,WOOSUNG STREET
StreetName,SHANTUNG STREET
StreetName,TUNG KUN STREET
StreetName,NELSON STREET
StreetName,TUNG CHOI STREET
StreetName,TUNG ON STREET
StreetName,CHEONG WAN ROAD
StreetName,GRANVILLE ROAD
StreetName,HILLWOOD ROAD
StreetName,KING'S PARK HILL ROAD
StreetName,FIFE STREET
StreetName,KANSU STREET
StreetName,HOI FAN ROAD
StreetName,LARCH STREET
StreetName,SCIENCE MUSEUM PATH
StreetName,OAK STREET
StreetName,TO WAH ROAD
StreetName,KNUTSFORD TERRACE
StreetName,JORDAN ROAD
StreetName,TAK HING STREET
StreetName,FA YUEN STREET
StreetName,MONG KOK ROAD
StreetName,HAIPHONG ROAD
StreetName,MINDEN AVENUE
StreetName,BATTERY STREET
StreetName,THISTLE STREET
StreetName,CHANGSHA STREET
StreetName,PILKEM STREET
StreetName,BRISTOL AVENUE
StreetName,PALM STREET
StreetName,DUNDAS STREET
StreetName,HONG CHONG ROAD
StreetName,KIMBERLEY ROAD
StreetName,OBSERVATORY COURT
StreetName,PITT STREET
StreetName,HUMPHREYS AVENUE
StreetName,BOWRING STREET
StreetName,YAU CHEUNG ROAD
StreetName,FUK TSUN STREET
StreetName,SOY STREET
StreetName,ANCHOR STREET
StreetName,MARKET STREET
StreetName,SCIENCE MUSEUM ROAD
StreetName,HOI TING ROAD
StreetName,BEDFORD ROAD
StreetName,PAK PO STREET
StreetName,AUSTIN ROAD
StreetName,FLOWER MARKET ROAD
StreetName,YIN CHONG STREET
StreetName,NING PO STREET
StreetName,NULLAH ROAD
StreetName,FUK LEE STREET
StreetName,PEKING ROAD
StreetName,WUI CHEUNG ROAD
StreetName,KWONG WA STREET
StreetName,FUK CHAK STREET
StreetName,NANKING STREET
StreetName,WAI ON STREET
StreetName,FERRY STREET
StreetName,LOK KWAN STREET
StreetName,WYLIE ROAD
StreetName,WALNUT STREET
StreetName,AUSTIN ROAD WEST
StreetName,OBSERVATORY ROAD
StreetName,WILLOW STREET
StreetName,MINDEN ROW
StreetName,CHERRY STREET
StreetName,HANOI ROAD
StreetName,BUTE STREET
StreetName,HOI WANG ROAD
StreetName,YUEN PO STREET
StreetName,MUSEUM DRIVE
StreetName,YAN CHEUNG ROAD
StreetName,PINE STREET
StreetName,CEDAR STREET
StreetName,LI TAK STREET
StreetName,HAK PO STREET
StreetName,CLIFF ROAD
StreetName,HAU CHEUNG STREET
StreetName,BEECH STREET
StreetName,KOK CHEUNG STREET
StreetName,YIM PO FONG STREET
StreetName,PRAT AVENUE
StreetName,CHUNG WUI STREET
StreetName,LIME STREET
StreetName,TAI CHING STREET
StreetName,MAN ON STREET
StreetName,KAM FONG STREET
StreetName,NAM TAU STREET
StreetName,HAU FOOK STREET
StreetName,MEI ON STREET
StreetName,FIR STREET
StreetName,FOO KWAI STREET
StreetName,HAMILTON STREET
StreetName,LEE YIP STREET
StreetName,MAN YING STREET
StreetName,WAI CHING STREET
StreetName,MAN YUEN STREET
StreetName,TIT SHU STREET
StreetName,ASHLEY ROAD
StreetName,PLAYING FIELD ROAD
StreetName,MAN WAI STREET
StreetName,MAN WUI STREET
StreetName,PAK HOI STREET
StreetName,CHEONG LOK STREET
StreetName,WONG TAI STREET
StreetName,AUSTIN AVENUE
StreetName,HANKOW ROAD
StreetName,CHATHAM COURT
StreetName,LOCK ROAD
StreetName,HOI KING STREET
StreetName,TAI TSUN STREET
StreetName,HOP KWAN STREET
StreetName,CAMERON ROAD
StreetName,ARTHUR STREET
StreetName,SAIGON STREET
StreetName,WING SING LANE
StreetName,WYLIE PATH
StreetName,IVY STREET
StreetName,KA SHIN STREET
StreetName,POK HOK LANE
StreetName,ARRAN STREET
StreetName,KIMBERLEY STREET
StreetName,TAK CHEONG LANE
StreetName,MIN STREET
StreetName,GRANVILLE CIRCUIT
StreetName,MAN CHEONG STREET
StreetName,MAN MING LANE
StreetName,MAU LAM STREET
StreetName,PINE TREE HILL ROAD
StreetName,HART AVENUE
StreetName,POK MAN STREET
StreetName,MIDDLE ROAD
StreetName,TAK CHEONG STREET
StreetName,CAMERON LANE
StreetName,TUNG FONG STREET
StreetName,ASH STREET
StreetName,METROPOLIS DRIVE
StreetName,BLENHEIM AVENUE
StreetName,KOWLOON PARK DRIVE
StreetName,CHEUNG WONG ROAD
StreetName,ELM STREET
StreetName,ICHANG STREET
StreetName,HONG LOK STREET
StreetName,TAK SHING STREET
StreetName,CHING PING STREET
StreetName,LUEN WAN STREET
StreetName,YUEN NGAI STREET
StreetName,CHI WO STREET
StreetName,YUNNAN LANE
StreetName,CHUN WING STREET
StreetName,SHUN YEE STREET
StreetName,HONG TAT PATH
StreetName,SCOUT PATH
StreetName,"FAIRVIEW PARK SECTION L, 3RD STREET"
StreetName,CASTLE PEAK ROAD - SAN TIN
StreetName,LEE YICK STREET
StreetName,BAUHINIA ROAD NORTH
StreetName,LYCHEE ROAD NORTH
StreetName,GOLDEN BAMBOO ROAD NORTH
StreetName,WINE STREET
StreetName,"FAIRVIEW PARK SECTION M, 6TH STREET"
StreetName,WANG LOK STREET
StreetName,"FAIRVIEW PARK SECTION K, 3RD STREET"
StreetName,FAIRVIEW PARK BOULEVARD
StreetName,TIN YIP ROAD
StreetName,TIN FAI ROAD
StreetName,"FAIRVIEW PARK SECTION G, 2ND STREET"
StreetName,"FAIRVIEW PARK SECTION J, 3RD STREET"
StreetName,"FAIRVIEW PARK SECTION I, 5TH STREET"
StreetName,"FAIRVIEW PARK SECTION H, 3RD STREET"
StreetName,"FAIRVIEW PARK SECTION I, 2ND STREET"
StreetName,BAUHINIA ROAD WEST
StreetName,TIN PAK ROAD
StreetName,PING FUK LANE
StreetName,LYCHEE ROAD EAST
StreetName,TIN HO ROAD
StreetName,KAM TIN ROAD
StreetName,STAFFORDSHIRE AVENUE
StreetName,TIN TAN STREET
StreetName,PING SHAN NAM PAK ROAD
StreetName,TIN YIU ROAD
StreetName,TONG YAN SAN TSUEN ROAD
StreetName,TONG TAI ROAD
StreetName,FUNG NIN ROAD
StreetName,FUK HANG STREET
StreetName,ON TAT SQUARE
StreetName,SHROPSHIRE ROAD
StreetName,YUEN LUNG STREET
StreetName,KAM HO ROAD
StreetName,SHA TSENG ROAD
StreetName,TIN SHING ROAD
StreetName,YUEN LONG ON NING ROAD
StreetName,HOP YICK ROAD
StreetName,PING HA ROAD
StreetName,KIN TAK STREET
StreetName,YAU CHUEN STREET
StreetName,WANG LEE STREET
StreetName,YUEN LONG TAI YUK ROAD
StreetName,CASTLE PEAK ROAD - YUEN LONG
StreetName,YAU SHIN STREET
StreetName,KAM SHEUNG ROAD
StreetName,TIN HA ROAD
StreetName,HUNG TAK ROAD
StreetName,FUNG YAU STREET SOUTH
StreetName,WANG CHAU ROAD
StreetName,TOWN PARK ROAD SOUTH
StreetName,PING TONG STREET EAST
StreetName,YUNG YUEN ROAD
StreetName,FUK HI STREET
StreetName,TOWN PARK ROAD NORTH
StreetName,YUEN LONG NEW STREET
StreetName,CASTLE PEAK ROAD - HUNG SHUI KIU
StreetName,FUNG YAU STREET NORTH
StreetName,HOP CHOI STREET
StreetName,TAI TONG ROAD
StreetName,MA TIN ROAD
StreetName,KAM POK ROAD
StreetName,LAM HAU TSUEN ROAD
StreetName,FUK SHUN STREET
StreetName,PO TEI ROAD
StreetName,TIN SHUI ROAD
StreetName,HA MEI ROAD
StreetName,FUNG KAT HEUNG ROAD
StreetName,YUEN CHING ROAD
StreetName,YAT SAN STREET
StreetName,LONG LOK ROAD
StreetName,KO HANG ROAD
StreetName,SHEK WU WAI ROAD
StreetName,YAU POK ROAD
StreetName,TIN CHING STREET
StreetName,NGAU TAM MEI ROAD
StreetName,SAN TIN HIGHWAY
StreetName,DEEP BAY ROAD
StreetName,WANG YIP STREET EAST
StreetName,CHEONG SHING PATH
StreetName,YU WING PATH
StreetName,SAN FUI STREET
StreetName,KAM FAI PATH
StreetName,SHEK KONG AIRFIELD ROAD
StreetName,TAI PEI TAU PATH
StreetName,YUEN LONG HONG LOK ROAD
StreetName,HONG KING STREET
StreetName,FAU TSOI STREET
StreetName,FUI SHA WAI LANE
StreetName,CASTLE PEAK ROAD - TAM MI
StreetName,HUNG YUEN ROAD
StreetName,ON HONG ROAD
StreetName,YUEN LONG ON HING STREET
StreetName,MAU TAN STREET
StreetName,HUNG MIN COURT
StreetName,PING WUI STREET
StreetName,KIU LOK SQUARE
StreetName,SAN TAM ROAD
StreetName,TIN WU ROAD
StreetName,PING SHUN STREET
StreetName,MA WANG ROAD
StreetName,SHUI CHE KWUN STREET
StreetName,FUI SHA WAI SOUTH ROAD
StreetName,YUEN LONG TAI CHEUNG STREET
StreetName,WANG FU STREET
StreetName,CASTLE PEAK ROAD - MAI PO
StreetName,HA SAN WAI ROAD
StreetName,FUNG CHEUNG ROAD
StreetName,SAI YU STREET
StreetName,YAN LOK SQUARE
StreetName,SAU FU STREET
StreetName,MA TONG ROAD
StreetName,CASTLE PEAK ROAD - PING SHAN
StreetName,MA FUNG LING ROAD
StreetName,KAM TAI ROAD
StreetName,TAI TONG SHAN ROAD
StreetName,LONG PING ROAD
StreetName,KWONG YIP STREET
StreetName,FOOK TAK STREET
StreetName,SHAP PAT HEUNG ROAD
StreetName,HUNG FA HOM ROAD
StreetName,HONG YIP STREET
StreetName,LAU FAU SHAN ROAD
StreetName,LONG YAT ROAD
StreetName,TIN TO STREET
StreetName,KUNG UM ROAD
StreetName,LONG TIN ROAD
StreetName,PING TONG STREET SOUTH
StreetName,KA LUNG ROAD
StreetName,TIN KWAI ROAD
StreetName,CHUK YAU ROAD
StreetName,KO PO PATH
StreetName,SHAN HA ROAD
StreetName,KAM SHUI SOUTH ROAD
StreetName,TAK YIP STREET
StreetName,LOK MA CHAU ROAD
StreetName,TAN KWAI TSUEN ROAD
StreetName,PALM SPRINGS BOULEVARD
StreetName,PING TONG STREET NORTH
StreetName,HUNG SHUI KIU TIN SAM ROAD
StreetName,HUNG SHUN ROAD
StreetName,SAI CHING STREET
StreetName,TIN WING ROAD
StreetName,PING HING LANE
StreetName,FUNG KONG TSUEN ROAD
StreetName,CHING YAU ROAD
StreetName,TSUI SING ROAD
StreetName,PING PAK LANE
StreetName,KIU HING ROAD
StreetName,FUK WANG STREET
StreetName,SHAN PUI ROAD
StreetName,WETLAND PARK ROAD
StreetName,TIN WAH ROAD
StreetName,SHEK PO ROAD
StreetName,TIN SAU ROAD
StreetName,FUNG KAM STREET
StreetName,TAI SHU HA ROAD WEST
StreetName,YAU TIN WEST ROAD
StreetName,WANG YIP STREET WEST
StreetName,KAM PO ROAD
StreetName,PAT HEUNG ROAD
StreetName,HUNG ON LANE
StreetName,TIN YAN ROAD
StreetName,YUEN LONG PAU CHEUNG SQUARE
StreetName,KAM WUI ROAD
StreetName,TAM KON CHAU ROAD
StreetName,SAN HI TSUEN STREET
StreetName,MA MIU ROAD
StreetName,FOOK HONG STREET
StreetName,YU KING SQUARE
StreetName,TUNG LOK STREET
StreetName,YAU SAN STREET
StreetName,HI YIP STREET
StreetName,KIU WONG STREET
StreetName,KIN YIP STREET
StreetName,KUK TING STREET
StreetName,YUEN LONG ON LOK ROAD
StreetName,YING FUK STREET
StreetName,PING CHEONG PATH
StreetName,PING FAI PATH
StreetName,SAI TAI STREET
StreetName,TIN LUNG ROAD
StreetName,PING HONG LANE
StreetName,PING TONG STREET WEST
StreetName,FUNG HEUNG STREET
StreetName,HUNG TAI ROAD
StreetName,WANG YIP STREET SOUTH
StreetName,PING SHAN LANE
StreetName,ON LEUNG LANE
StreetName,TAI FUNG STREET
StreetName,YUEN LONG TAI HANG STREET
StreetName,TAT FAI PATH
StreetName,KIK YEUNG ROAD
StreetName,YUEN LONG KAU HUI ROAD
StreetName,TIN MEI STREET
StreetName,PING CHUK LANE
StreetName,TIN HEI STREET
StreetName,YUEN LONG TUNG TAI STREET
StreetName,FUNG YAU STREET EAST
StreetName,CHUNG SING PATH
StreetName,TAI LEE STREET
StreetName,FUNG KWAN STREET
StreetName,HUNG SHUI KIU MAIN STREET
StreetName,SHUI CHE KWUN LANE
StreetName,LEUNG YIP STREET
StreetName,WANG FAT PATH
StreetName,CHUN YIN SQUARE
StreetName,HUNG KEI ROAD
StreetName,KIN LOK STREET
StreetName,SHUI TAU ROAD
StreetName,FUK TIN PATH
StreetName,MAI PO LUNG ROAD
StreetName,FUNG KA WAI
StreetName,CHUNG YIP ROAD
StreetName,KIU SHING STREET
StreetName,YAU TIN EAST ROAD
StreetName,KAM SHUI NORTH ROAD
StreetName,YUEN LONG TUNG SHING LEI ROAD
StreetName,FUNG LOK LANE
StreetName,TIN SAM
StreetName,MAN HOP PATH
StreetName,ON CHUN LANE
StreetName,HUNG YU ROAD
StreetName,KIU FAT STREET
StreetName,KAM CHEUNG SQUARE
StreetName,KAM KONG ROAD
StreetName,PO YIP STREET
StreetName,YING HO ROAD
StreetName,KAM POK ROAD WEST
StreetName,BAUHINIA ROAD EAST
StreetName,GINKGO ROAD
StreetName,FAIRVIEW PARK SECT M 5TH STREET
StreetName,FAIRVIEW PARK SECT M 3RD STREET
StreetName,FAIRVIEW PARK SECT J 1ST STREET
StreetName,FAIRVIEW PARK SECT J 2ND STREET
StreetName,FAIRVIEW PARK SECT M 2ND STREET
StreetName,FAIRVIEW PARK SECT I 5TH STREET
StreetName,LYCHEE ROAD SOUTH
StreetName,FAIRVIEW PARK SECT C 1ST STREET
StreetName,GOLDEN BAMBOO ROAD EAST
StreetName,FAIRVIEW PARK SECT G 2ND STREET
StreetName,FAIRVIEW PARK SECT K 5TH STREET
StreetName,FAIRVIEW PARK SECT G 1ST STREET
StreetName,FAIRVIEW PARK SECT I 1ST STREET
StreetName,FAIRVIEW PARK SECT L 2ND STREET
StreetName,FAIRVIEW PARK SECT L 3RD STREET
StreetName,FAIRVIEW PARK SECT D 3RD STREET
StreetName,LYCHEE ROAD WEST
StreetName,FAIRVIEW PARK SECT J 3RD STREET
StreetName,FAIRVIEW PARK SECT J 4TH STREET
StreetName,FAIRVIEW PARK SECT M 6TH STREET
StreetName,FAIRVIEW PARK SECT I 4TH STREET
StreetName,FAIRVIEW PARK SECT D 2ND STREET
StreetName,FAIRVIEW PARK SECT I 3RD STREET
StreetName,FAIRVIEW PARK SECT D 1ST STREET
StreetName,FAIRVIEW PARK SECT D 4TH STREET
StreetName,FAIRVIEW PARK SECT H 2ND STREET
StreetName,FAIRVIEW PARK SECT C 2ND STREET
StreetName,FAIRVIEW PARK SECT H 3RD STREET
StreetName,FAIRVIEW PARK SECT C 6TH STREET
StreetName,FAIRVIEW PARK SECT K 3RD STREET
StreetName,FAIRVIEW PARK SECT L 4TH STREET
StreetName,FAIRVIEW PARK SECT H 1ST STREET
StreetName,FAIRVIEW PARK SECT C 4TH STREET
StreetName,FAIRVIEW PARK SECT C 7TH STREET
StreetName,FAIRVIEW PARK SECT K 4TH STREET
StreetName,FAIRVIEW PARK SECT M 4TH STREET
StreetName,FAIRVIEW PARK SECT I 2ND STREET
StreetName,FAIRVIEW PARK SECT L 5TH STREET
StreetName,FAIRVIEW PARK SECT K 2ND STREET
StreetName,LOTUS ROAD
StreetName,FAIRVIEW PARK SECT C 5TH STREET
StreetName,PINERY ROAD EAST
StreetName,FAIRVIEW PARK SECT C 3RD STREET
StreetName,FAIRVIEW PARK SECT J 5TH STREET
StreetName,FAIRVIEW PARK SECT M 1ST STREET
StreetName,FAIRVIEW PARK SECT L 1ST STREET
StreetName,FAIRVIEW PARK SECT K 1ST STREET
StreetName,DAWN DRIVE
StreetName,TAN KWAI TSUEN LANE
StreetName,PING KWAI ROAD
StreetName,PING KIN LANE
StreetName,HA TSUEN ROAD
